sensor_id	timestamp	temperature	humidity	location	sensor_type
1089	4/7/2025 6:17	17.09	75.96	BuildingB_Floor1	TypeA
1089	4/6/2025 5:58	21.45	40.06	BuildingB_Floor2	TypeC
1057	4/3/2025 4:23	19.63	42.87	BuildingA_Floor2	TypeA
1069	4/7/2025 15:58	23.16	67.21	BuildingA_Floor2	TypeA
1082	4/3/2025 14:43	24.48	72.17	BuildingA_Floor2	TypeA
1059	4/7/2025 15:00	27.89	79.41	BuildingA_Floor1	TypeA
1030	4/4/2025 16:09	30.31	52.9	BuildingB_Floor1	TypeC
1087	4/4/2025 14:15	32.81	42.65	BuildingB_Floor1	TypeA
1003	4/5/2025 3:52	23.3	72.69	BuildingB_Floor2	TypeA
1026	4/4/2025 14:53	24.99	41.95	BuildingB_Floor2	TypeC
1068	4/3/2025 2:56	33.75	74.08	BuildingA_Floor2	TypeC
1030	4/6/2025 16:59	19.02	63.02	BuildingB_Floor1	TypeA
1011	4/4/2025 14:07	30.99	56.92	BuildingB_Floor2	TypeA
1014	4/6/2025 19:29	28.36	49.02	BuildingA_Floor1	TypeC
1092	4/6/2025 1:24	21.52	44.89	BuildingB_Floor2	TypeC
1090	4/5/2025 2:46	26.88	78.87	BuildingB_Floor1	TypeC
1074	4/5/2025 20:22	16.12	61.81	BuildingB_Floor1	TypeA
1056	4/5/2025 15:42	28.09	51.13	BuildingA_Floor1	TypeC
1005	4/7/2025 13:35	33.42	51.36	BuildingB_Floor1	TypeB
1085	4/5/2025 15:38	32.53	75.1	BuildingA_Floor1	TypeB
1005	4/3/2025 9:47	27.42	71.1	BuildingB_Floor1	TypeA
1007	4/6/2025 21:04	23.13	76.1	BuildingA_Floor1	TypeA
1000	4/4/2025 4:41	32.94	36.47	BuildingA_Floor2	TypeA
1080	4/4/2025 21:10	32.43	74.73	BuildingB_Floor1	TypeB
1044	4/3/2025 18:06	28.42	68.84	BuildingA_Floor2	TypeC
1069	4/3/2025 21:39	25.46	75.08	BuildingA_Floor2	TypeB
1083	4/6/2025 22:54	26.88	60.6	BuildingA_Floor1	TypeB
1080	4/3/2025 21:19	29.03	76.96	BuildingA_Floor2	TypeB
1019	4/4/2025 0:23	34.69	58.75	BuildingB_Floor1	TypeB
1051	4/4/2025 11:22	34.32	58.32	BuildingA_Floor2	TypeB
1000	4/3/2025 18:06	34.23	54.28	BuildingA_Floor2	TypeA
1100	4/5/2025 10:08	26.64	30.62	BuildingB_Floor1	TypeC
1004	4/3/2025 12:19	31	74.12	BuildingA_Floor2	TypeC
1079	4/3/2025 8:46	31.37	58.38	BuildingB_Floor1	TypeA
1026	4/3/2025 6:00	33.98	62.68	BuildingB_Floor1	TypeB
1071	4/7/2025 8:24	23.91	47.88	BuildingA_Floor2	TypeA
1074	4/7/2025 8:42	34.34	45.94	BuildingB_Floor2	TypeA
1012	4/5/2025 8:54	26.33	62.5	BuildingB_Floor2	TypeA
1070	4/5/2025 9:30	20.38	79.38	BuildingB_Floor1	TypeB
1002	4/5/2025 10:03	16.23	73.7	BuildingB_Floor2	TypeC
1036	4/6/2025 14:16	30.83	62.93	BuildingB_Floor1	TypeB
1084	4/5/2025 21:42	18.88	67.93	BuildingA_Floor2	TypeB
1100	4/3/2025 1:24	22.76	61.58	BuildingA_Floor2	TypeC
1072	4/3/2025 21:54	24.96	72.23	BuildingB_Floor2	TypeB
1067	4/4/2025 18:39	18.81	39.47	BuildingA_Floor1	TypeB
1010	4/6/2025 14:47	32.49	73.72	BuildingA_Floor1	TypeC
1085	4/3/2025 16:35	21.18	52.28	BuildingA_Floor2	TypeB
1007	4/6/2025 21:40	28.11	33.31	BuildingB_Floor1	TypeC
1002	4/7/2025 13:41	18.93	42.4	BuildingA_Floor1	TypeB
1051	4/7/2025 14:03	31.85	51.72	BuildingB_Floor2	TypeA
1026	4/7/2025 9:46	31.49	54.71	BuildingB_Floor2	TypeC
1061	4/4/2025 19:18	15.83	73.74	BuildingA_Floor1	TypeA
1073	4/6/2025 10:42	31.14	60.86	BuildingB_Floor2	TypeC
1099	4/5/2025 19:32	28.11	67.26	BuildingB_Floor2	TypeC
1064	4/6/2025 2:55	34.55	55.41	BuildingB_Floor1	TypeC
1037	4/3/2025 21:54	17.33	51.16	BuildingA_Floor1	TypeC
1055	4/6/2025 14:40	24.27	35.6	BuildingB_Floor1	TypeB
1067	4/5/2025 16:24	31.54	34.45	BuildingA_Floor1	TypeB
1020	4/7/2025 12:54	28.82	35.15	BuildingA_Floor2	TypeA
1025	4/3/2025 4:49	32.49	45.99	BuildingA_Floor1	TypeA
1003	4/5/2025 13:23	27.61	69.2	BuildingA_Floor1	TypeA
1067	4/5/2025 10:29	20.56	51.85	BuildingB_Floor1	TypeA
1097	4/4/2025 22:39	20.38	75.02	BuildingA_Floor1	TypeB
1006	4/7/2025 15:23	29.88	56.14	BuildingA_Floor2	TypeB
1093	4/6/2025 7:07	32.55	76.03	BuildingA_Floor2	TypeC
1045	4/5/2025 23:37	19.87	47.16	BuildingB_Floor2	TypeB
1078	4/6/2025 8:10	15.88	43.85	BuildingA_Floor2	TypeC
1100	4/3/2025 21:05	20.91	74.51	BuildingB_Floor2	TypeA
1025	4/6/2025 7:47	27.09	67.86	BuildingB_Floor1	TypeC
1031	4/5/2025 16:54	26.77	59.94	BuildingB_Floor2	TypeA
1080	4/7/2025 10:50	23.91	41.09	BuildingB_Floor1	TypeC
1099	4/7/2025 8:54	19.87	32.42	BuildingB_Floor1	TypeB
1063	4/6/2025 13:46	30.98	58.62	BuildingA_Floor1	TypeC
1044	4/6/2025 4:55	16.97	49.85	BuildingA_Floor1	TypeB
1037	4/5/2025 3:14	20.46	38.56	BuildingB_Floor1	TypeB
1034	4/4/2025 8:23	26.54	48.6	BuildingB_Floor1	TypeC
1061	4/6/2025 18:10	30.72	38.63	BuildingA_Floor2	TypeA
1020	4/7/2025 19:33	30.97	46.1	BuildingA_Floor2	TypeA
1100	4/6/2025 1:51	18.97	32.27	BuildingA_Floor2	TypeB
1065	4/7/2025 4:17	20.91	78.86	BuildingB_Floor2	TypeC
1011	4/7/2025 6:19	25.74	67.92	BuildingA_Floor1	TypeA
1077	4/6/2025 7:55	34.9	74.36	BuildingB_Floor2	TypeC
1031	4/7/2025 17:14	26.41	43.15	BuildingB_Floor2	TypeC
1085	4/5/2025 7:18	16.66	31.78	BuildingB_Floor2	TypeC
1071	4/7/2025 5:35	18.09	35.53	BuildingB_Floor1	TypeB
1000	4/4/2025 5:47	23.68	79.72	BuildingA_Floor1	TypeA
1078	4/5/2025 2:47	15.07	41.82	BuildingA_Floor1	TypeA
1036	4/4/2025 2:52	22.94	77.98	BuildingB_Floor2	TypeA
1077	4/6/2025 15:55	18.4	59.25	BuildingB_Floor1	TypeC
1027	4/5/2025 3:09	17.13	69.64	BuildingA_Floor2	TypeA
1000	4/7/2025 6:58	33.68	56	BuildingB_Floor1	TypeC
1025	4/3/2025 11:52	27.14	66.11	BuildingA_Floor1	TypeA
1005	4/7/2025 20:24	19.95	53.45	BuildingA_Floor2	TypeA
1005	4/7/2025 8:38	23.44	40.62	BuildingB_Floor1	TypeB
1056	4/5/2025 0:25	33.5	48.77	BuildingA_Floor1	TypeC
1039	4/3/2025 17:19	30.12	79.43	BuildingA_Floor2	TypeA
1046	4/3/2025 15:38	26.2	30.7	BuildingB_Floor2	TypeB
1053	4/6/2025 2:27	27.31	68.3	BuildingA_Floor2	TypeA
1015	4/5/2025 5:09	18.64	56.32	BuildingB_Floor1	TypeC
1055	4/7/2025 6:32	29.55	70.64	BuildingA_Floor2	TypeA
1036	4/6/2025 4:01	32.86	40.82	BuildingB_Floor1	TypeB
1072	4/3/2025 17:38	23.59	68.81	BuildingB_Floor1	TypeB
1013	4/3/2025 4:21	33.47	44.52	BuildingA_Floor2	TypeA
1092	4/4/2025 6:11	22.49	76.56	BuildingB_Floor2	TypeC
1014	4/3/2025 16:46	20.72	55.95	BuildingB_Floor1	TypeB
1000	4/4/2025 0:02	34.9	64.3	BuildingA_Floor1	TypeA
1054	4/3/2025 0:13	31.16	51.08	BuildingA_Floor2	TypeB
1097	4/4/2025 4:57	31.61	67.81	BuildingB_Floor2	TypeC
1015	4/7/2025 8:45	21.58	37.76	BuildingA_Floor1	TypeA
1089	4/4/2025 23:14	18.82	35.58	BuildingA_Floor1	TypeA
1097	4/5/2025 4:48	24.45	52.78	BuildingB_Floor1	TypeC
1066	4/3/2025 22:18	33.27	55.27	BuildingB_Floor2	TypeC
1020	4/6/2025 15:59	15.36	44.4	BuildingA_Floor2	TypeB
1013	4/5/2025 4:34	33.05	32.42	BuildingB_Floor1	TypeA
1068	4/6/2025 23:58	23.67	73.57	BuildingA_Floor2	TypeB
1080	4/4/2025 11:47	25.05	61.33	BuildingB_Floor1	TypeA
1043	4/3/2025 11:18	34.31	45.91	BuildingB_Floor1	TypeC
1044	4/4/2025 20:20	33.15	66.74	BuildingB_Floor2	TypeA
1057	4/6/2025 15:17	28.94	41.25	BuildingA_Floor2	TypeA
1000	4/3/2025 19:36	26.96	32.2	BuildingB_Floor1	TypeB
1068	4/6/2025 18:26	25.61	75.71	BuildingA_Floor1	TypeC
1025	4/7/2025 15:40	29.14	41.39	BuildingA_Floor1	TypeB
1031	4/6/2025 3:25	20.22	75.21	BuildingA_Floor1	TypeA
1062	4/4/2025 3:23	25.3	35.55	BuildingB_Floor1	TypeA
1044	4/2/2025 22:27	31.04	50.29	BuildingA_Floor2	TypeC
1051	4/6/2025 18:54	19.2	49.55	BuildingB_Floor1	TypeA
1095	4/4/2025 0:11	27.03	68.49	BuildingB_Floor1	TypeC
1036	4/6/2025 9:20	15.21	36.7	BuildingA_Floor1	TypeA
1081	4/4/2025 12:26	19.05	56.38	BuildingB_Floor2	TypeB
1094	4/4/2025 8:24	27.57	48	BuildingB_Floor1	TypeC
1072	4/3/2025 23:46	30.06	44.89	BuildingB_Floor2	TypeC
1059	4/3/2025 11:31	33.93	54.61	BuildingB_Floor2	TypeA
1086	4/4/2025 12:52	30.05	67.92	BuildingA_Floor1	TypeB
1025	4/3/2025 2:03	18.21	35.63	BuildingB_Floor1	TypeB
1051	4/5/2025 2:03	32.27	42.48	BuildingA_Floor2	TypeC
1014	4/4/2025 3:49	32.89	46.05	BuildingB_Floor2	TypeA
1089	4/7/2025 21:36	22.87	48.64	BuildingB_Floor1	TypeA
1004	4/4/2025 0:04	20.5	65.81	BuildingB_Floor1	TypeC
1057	4/6/2025 10:55	25.27	62.61	BuildingA_Floor2	TypeA
1026	4/5/2025 21:01	17.11	41.88	BuildingA_Floor1	TypeB
1067	4/6/2025 9:38	16.47	72.35	BuildingB_Floor1	TypeA
1049	4/6/2025 10:12	29.04	66.7	BuildingB_Floor2	TypeB
1058	4/3/2025 3:54	18.93	46.15	BuildingA_Floor1	TypeA
1074	4/4/2025 17:14	33.85	68.39	BuildingA_Floor2	TypeC
1055	4/5/2025 13:28	28.44	48.65	BuildingB_Floor1	TypeB
1007	4/5/2025 7:19	21.84	48.51	BuildingA_Floor2	TypeC
1067	4/6/2025 1:41	32.28	55.22	BuildingB_Floor1	TypeB
1082	4/3/2025 9:36	18.64	69.06	BuildingA_Floor2	TypeC
1087	4/4/2025 7:10	31.33	65.11	BuildingB_Floor1	TypeB
1094	4/3/2025 6:25	28.66	60.59	BuildingA_Floor2	TypeC
1019	4/7/2025 12:27	24.75	55.34	BuildingA_Floor2	TypeB
1029	4/5/2025 10:16	33.7	54.03	BuildingA_Floor1	TypeA
1094	4/3/2025 18:01	22.4	40.74	BuildingA_Floor2	TypeA
1011	4/5/2025 14:58	21.85	74	BuildingB_Floor1	TypeC
1074	4/7/2025 17:03	21.47	30.97	BuildingB_Floor2	TypeC
1022	4/7/2025 20:27	16.26	41.68	BuildingA_Floor1	TypeC
1092	4/3/2025 15:00	32.15	43.54	BuildingA_Floor1	TypeA
1062	4/3/2025 16:01	33.33	67.62	BuildingA_Floor1	TypeB
1032	4/3/2025 19:33	22.73	70.81	BuildingB_Floor1	TypeA
1092	4/7/2025 8:02	25.35	62.53	BuildingA_Floor2	TypeC
1008	4/7/2025 8:17	17.28	67.86	BuildingA_Floor2	TypeA
1063	4/3/2025 22:29	31.99	67.95	BuildingA_Floor2	TypeB
1095	4/7/2025 9:18	24.02	56.64	BuildingA_Floor1	TypeA
1062	4/5/2025 1:40	22.61	33.54	BuildingB_Floor2	TypeA
1052	4/5/2025 21:33	28.66	68.02	BuildingB_Floor2	TypeC
1035	4/4/2025 13:08	15.48	41.03	BuildingA_Floor1	TypeA
1025	4/4/2025 15:13	29.44	54.47	BuildingB_Floor2	TypeA
1031	4/4/2025 20:12	20.49	53.15	BuildingA_Floor1	TypeB
1014	4/7/2025 20:54	19.75	66.25	BuildingA_Floor1	TypeA
1027	4/7/2025 2:26	24.41	41.46	BuildingA_Floor1	TypeB
1088	4/7/2025 20:48	16.88	37.64	BuildingB_Floor1	TypeA
1093	4/5/2025 9:04	34.52	47.39	BuildingA_Floor1	TypeC
1062	4/4/2025 1:28	28.72	33.87	BuildingB_Floor1	TypeA
1057	4/6/2025 0:30	32.24	44.54	BuildingB_Floor2	TypeB
1056	4/5/2025 3:04	26.67	79.87	BuildingA_Floor2	TypeB
1091	4/7/2025 18:42	32.55	68.67	BuildingB_Floor1	TypeC
1093	4/7/2025 7:47	23.39	52.49	BuildingA_Floor2	TypeB
1080	4/6/2025 17:16	33.04	45.79	BuildingB_Floor2	TypeA
1052	4/5/2025 18:57	26.39	42.93	BuildingB_Floor2	TypeC
1083	4/6/2025 23:13	28.07	74.42	BuildingA_Floor2	TypeC
1057	4/6/2025 0:30	20.08	42.18	BuildingB_Floor2	TypeA
1017	4/3/2025 16:00	34.93	33.83	BuildingA_Floor1	TypeA
1053	4/3/2025 4:26	27.28	50.41	BuildingA_Floor2	TypeC
1077	4/4/2025 22:07	22.91	44.69	BuildingB_Floor1	TypeC
1065	4/3/2025 4:18	17.57	78.86	BuildingA_Floor1	TypeC
1000	4/3/2025 1:53	20.7	51.58	BuildingB_Floor2	TypeC
1093	4/2/2025 22:28	31.38	50	BuildingA_Floor2	TypeC
1039	4/3/2025 9:38	22.53	45.46	BuildingB_Floor2	TypeA
1004	4/7/2025 4:06	22.44	70.41	BuildingA_Floor1	TypeB
1071	4/3/2025 16:56	20.92	33.77	BuildingA_Floor2	TypeC
1035	4/7/2025 5:18	15.97	64.3	BuildingA_Floor1	TypeA
1028	4/6/2025 11:20	22.48	45.27	BuildingB_Floor2	TypeA
1076	4/2/2025 22:25	31.22	53.39	BuildingB_Floor2	TypeA
1038	4/4/2025 6:39	24.68	68.17	BuildingA_Floor1	TypeC
1024	4/5/2025 3:18	22.38	46.7	BuildingB_Floor1	TypeA
1012	4/7/2025 6:03	22.12	46.07	BuildingB_Floor2	TypeC
1072	4/6/2025 16:36	32.31	56.77	BuildingB_Floor2	TypeA
1033	4/3/2025 16:14	31.37	57.37	BuildingB_Floor2	TypeC
1043	4/6/2025 20:36	32.19	43.71	BuildingA_Floor2	TypeC
1004	4/3/2025 23:07	25.45	62.39	BuildingB_Floor2	TypeC
1045	4/4/2025 8:04	24.19	54.46	BuildingA_Floor2	TypeB
1096	4/5/2025 23:08	18.25	68.73	BuildingA_Floor2	TypeB
1085	4/6/2025 21:37	21.58	69.22	BuildingA_Floor2	TypeB
1082	4/7/2025 4:46	15.26	57.92	BuildingA_Floor2	TypeA
1041	4/6/2025 10:52	19.02	64.38	BuildingA_Floor2	TypeC
1001	4/6/2025 1:09	22.86	56.09	BuildingA_Floor1	TypeB
1011	4/3/2025 16:12	16.11	39.62	BuildingB_Floor2	TypeC
1057	4/7/2025 0:21	22.12	41.88	BuildingB_Floor1	TypeC
1009	4/6/2025 20:32	21.13	41.2	BuildingB_Floor1	TypeC
1092	4/3/2025 17:12	15.58	70.42	BuildingB_Floor2	TypeB
1060	4/3/2025 17:40	15.39	34.63	BuildingA_Floor2	TypeA
1096	4/3/2025 23:19	20.98	44.97	BuildingA_Floor2	TypeB
1012	4/4/2025 15:53	31.22	31.18	BuildingB_Floor2	TypeC
1010	4/3/2025 15:23	23.2	40.23	BuildingA_Floor2	TypeA
1080	4/3/2025 9:36	26.84	50.27	BuildingB_Floor1	TypeC
1001	4/4/2025 20:18	18.94	41.33	BuildingB_Floor2	TypeB
1035	4/5/2025 10:35	16.87	33.84	BuildingA_Floor1	TypeC
1051	4/7/2025 4:17	22.13	54.42	BuildingA_Floor2	TypeA
1039	4/3/2025 11:09	16.7	47.6	BuildingA_Floor1	TypeB
1019	4/7/2025 2:38	17.94	38.43	BuildingA_Floor1	TypeB
1093	4/5/2025 1:27	31.35	31.27	BuildingB_Floor1	TypeA
1008	4/5/2025 22:07	16.19	36.69	BuildingA_Floor2	TypeA
1032	4/4/2025 22:30	19.01	53.98	BuildingA_Floor1	TypeC
1021	4/6/2025 15:47	25.58	66.4	BuildingA_Floor2	TypeB
1016	4/5/2025 8:59	21.88	72.5	BuildingB_Floor2	TypeC
1047	4/6/2025 15:04	16.44	38.52	BuildingA_Floor2	TypeA
1035	4/4/2025 11:40	30.82	58.81	BuildingB_Floor2	TypeB
1082	4/4/2025 18:42	24.19	39.34	BuildingB_Floor1	TypeC
1014	4/6/2025 15:02	28.16	43.42	BuildingB_Floor2	TypeC
1019	4/4/2025 9:34	30.95	72.15	BuildingB_Floor2	TypeA
1030	4/6/2025 23:18	18.68	37.45	BuildingA_Floor2	TypeB
1091	4/6/2025 5:43	16.94	61.41	BuildingA_Floor2	TypeA
1024	4/5/2025 7:49	28.82	45.35	BuildingB_Floor2	TypeA
1015	4/4/2025 19:27	31.35	74.78	BuildingA_Floor2	TypeA
1059	4/5/2025 9:13	33.62	65.01	BuildingA_Floor1	TypeB
1084	4/5/2025 15:41	28.7	62.17	BuildingA_Floor1	TypeB
1072	4/3/2025 14:03	26.78	47.87	BuildingA_Floor1	TypeB
1035	4/5/2025 9:35	15.68	60.35	BuildingA_Floor2	TypeA
1059	4/7/2025 3:23	18.21	39.03	BuildingB_Floor1	TypeC
1071	4/5/2025 16:18	25.08	56.34	BuildingA_Floor1	TypeB
1031	4/4/2025 13:59	23.07	71.11	BuildingA_Floor2	TypeC
1100	4/2/2025 23:23	32.81	64.84	BuildingB_Floor2	TypeA
1037	4/3/2025 22:54	32.46	51.01	BuildingB_Floor2	TypeA
1056	4/7/2025 2:46	28.8	33.37	BuildingA_Floor2	TypeC
1019	4/7/2025 3:21	15.5	43.35	BuildingA_Floor2	TypeA
1005	4/7/2025 1:32	25.33	61.86	BuildingB_Floor1	TypeB
1064	4/7/2025 7:51	30.56	38.15	BuildingB_Floor1	TypeA
1089	4/5/2025 7:37	28	36.16	BuildingB_Floor2	TypeA
1041	4/5/2025 20:35	16.51	59.12	BuildingB_Floor2	TypeB
1012	4/5/2025 17:02	33.47	61.87	BuildingA_Floor1	TypeA
1040	4/3/2025 4:52	32.63	47.05	BuildingB_Floor2	TypeC
1086	4/4/2025 20:49	19	66.83	BuildingB_Floor2	TypeB
1068	4/3/2025 4:00	27.34	46.5	BuildingA_Floor1	TypeA
1049	4/3/2025 0:20	19.26	47.39	BuildingA_Floor2	TypeC
1053	4/6/2025 18:26	22.57	37.56	BuildingA_Floor1	TypeC
1039	4/7/2025 21:20	30.71	32.36	BuildingA_Floor2	TypeC
1066	4/6/2025 11:04	18.33	55.08	BuildingA_Floor2	TypeA
1033	4/7/2025 4:26	30.47	77.69	BuildingA_Floor2	TypeB
1083	4/4/2025 14:30	31.51	41.08	BuildingA_Floor1	TypeC
1050	4/6/2025 5:22	33.54	75.28	BuildingA_Floor2	TypeA
1065	4/7/2025 18:03	34.66	46.83	BuildingB_Floor1	TypeB
1071	4/5/2025 7:03	19.94	49.54	BuildingA_Floor1	TypeB
1048	4/3/2025 21:56	25.95	36.88	BuildingB_Floor1	TypeA
1040	4/3/2025 5:13	20.39	35.56	BuildingB_Floor2	TypeA
1083	4/3/2025 18:22	20.1	41.91	BuildingA_Floor1	TypeC
1011	4/7/2025 16:07	16.63	74.41	BuildingA_Floor1	TypeA
1001	4/7/2025 14:28	25.22	36.8	BuildingA_Floor1	TypeB
1025	4/3/2025 3:42	16.6	71.88	BuildingA_Floor2	TypeB
1077	4/4/2025 20:46	17.31	71.86	BuildingA_Floor2	TypeC
1100	4/5/2025 0:03	32.02	60.66	BuildingB_Floor2	TypeC
1049	4/3/2025 23:47	16.05	39.75	BuildingB_Floor1	TypeB
1028	4/6/2025 7:48	19.34	67.93	BuildingB_Floor2	TypeA
1019	4/3/2025 2:09	34.2	52.2	BuildingB_Floor1	TypeB
1011	4/3/2025 15:58	18.62	58.72	BuildingB_Floor2	TypeC
1085	4/6/2025 0:38	19.73	46.02	BuildingB_Floor1	TypeC
1064	4/5/2025 23:06	15.35	73	BuildingA_Floor1	TypeB
1020	4/7/2025 2:17	24.13	30.95	BuildingB_Floor1	TypeA
1066	4/4/2025 1:00	25.33	54.69	BuildingB_Floor2	TypeC
1048	4/5/2025 8:35	28.61	74.82	BuildingB_Floor2	TypeB
1093	4/6/2025 19:01	17.47	56.42	BuildingB_Floor1	TypeB
1060	4/3/2025 20:36	33.03	68.94	BuildingA_Floor2	TypeB
1098	4/4/2025 18:30	25.76	47.11	BuildingA_Floor1	TypeC
1048	4/3/2025 14:30	23.66	61.67	BuildingA_Floor1	TypeB
1085	4/6/2025 22:35	32.81	64.38	BuildingA_Floor1	TypeC
1000	4/6/2025 21:38	26.56	39.47	BuildingB_Floor2	TypeA
1092	4/5/2025 3:11	29.26	63.01	BuildingA_Floor2	TypeC
1071	4/5/2025 22:11	26.99	77.8	BuildingB_Floor1	TypeB
1088	4/7/2025 10:04	24.25	66.27	BuildingA_Floor1	TypeB
1040	4/7/2025 7:05	19.31	74.14	BuildingB_Floor2	TypeA
1063	4/6/2025 15:24	15.27	64.73	BuildingB_Floor2	TypeC
1080	4/7/2025 3:58	19.29	79.7	BuildingA_Floor2	TypeA
1057	4/5/2025 12:42	16.38	55.45	BuildingA_Floor1	TypeA
1065	4/3/2025 12:31	32.37	47.47	BuildingA_Floor2	TypeA
1028	4/4/2025 3:11	19.47	53.89	BuildingA_Floor2	TypeC
1033	4/3/2025 16:24	32.36	69.63	BuildingA_Floor2	TypeB
1070	4/6/2025 19:41	25.93	39.92	BuildingA_Floor1	TypeA
1090	4/4/2025 5:00	21.84	38.07	BuildingA_Floor2	TypeB
1086	4/3/2025 4:40	23.22	47.36	BuildingA_Floor1	TypeB
1048	4/5/2025 6:35	20.12	79.33	BuildingB_Floor1	TypeA
1089	4/6/2025 1:45	23.73	66.95	BuildingB_Floor2	TypeC
1040	4/4/2025 7:10	28.61	71.05	BuildingA_Floor2	TypeB
1063	4/4/2025 7:20	25.99	36.97	BuildingB_Floor2	TypeA
1011	4/6/2025 8:22	28.56	67.62	BuildingB_Floor2	TypeA
1047	4/5/2025 22:21	23.44	71.9	BuildingA_Floor2	TypeA
1055	4/5/2025 10:08	31.57	61.03	BuildingB_Floor2	TypeB
1018	4/3/2025 1:46	25	68.57	BuildingA_Floor1	TypeA
1024	4/3/2025 23:03	19.76	64.71	BuildingB_Floor2	TypeC
1088	4/4/2025 8:41	32.32	45.62	BuildingB_Floor2	TypeC
1096	4/7/2025 4:47	32.35	31.4	BuildingA_Floor2	TypeA
1047	4/3/2025 22:26	26.34	43.76	BuildingA_Floor1	TypeB
1056	4/5/2025 2:12	32.46	63.64	BuildingB_Floor1	TypeA
1061	4/3/2025 18:47	25.61	44.77	BuildingA_Floor2	TypeB
1010	4/6/2025 3:08	28.57	65.31	BuildingA_Floor2	TypeB
1056	4/6/2025 1:45	24.25	62.5	BuildingA_Floor2	TypeA
1074	4/4/2025 11:09	15.12	48.75	BuildingA_Floor2	TypeB
1070	4/6/2025 5:08	33.12	48.7	BuildingA_Floor2	TypeB
1050	4/7/2025 8:22	26.41	76.3	BuildingB_Floor2	TypeB
1094	4/3/2025 15:23	17.5	37.54	BuildingA_Floor2	TypeA
1100	4/6/2025 7:41	16.91	66.08	BuildingA_Floor1	TypeB
1048	4/6/2025 11:21	17.44	53.05	BuildingA_Floor1	TypeC
1097	4/7/2025 4:52	17.74	79.38	BuildingA_Floor1	TypeB
1024	4/5/2025 1:54	17.22	79.08	BuildingB_Floor1	TypeB
1060	4/7/2025 11:23	23.27	58.71	BuildingB_Floor2	TypeA
1051	4/3/2025 10:12	26.05	56.8	BuildingA_Floor1	TypeC
1060	4/3/2025 4:53	21.06	71.03	BuildingA_Floor1	TypeA
1067	4/6/2025 18:01	34.48	44.09	BuildingB_Floor1	TypeA
1015	4/6/2025 19:54	18.81	75.95	BuildingA_Floor2	TypeA
1010	4/4/2025 6:35	26.38	37.46	BuildingA_Floor1	TypeC
1033	4/7/2025 1:09	32.39	36.62	BuildingB_Floor1	TypeC
1018	4/3/2025 23:23	15.87	74.34	BuildingA_Floor1	TypeA
1066	4/3/2025 10:45	31.77	46.53	BuildingB_Floor2	TypeA
1084	4/2/2025 23:09	17.79	39.93	BuildingB_Floor1	TypeC
1073	4/7/2025 10:45	25.44	46.92	BuildingA_Floor1	TypeA
1027	4/5/2025 16:44	24.1	31	BuildingB_Floor1	TypeC
1080	4/3/2025 20:55	22.62	32.96	BuildingA_Floor2	TypeA
1099	4/7/2025 8:25	15.81	47.36	BuildingA_Floor2	TypeC
1099	4/6/2025 7:48	19.48	71.9	BuildingB_Floor2	TypeA
1066	4/3/2025 9:03	25.59	74.24	BuildingA_Floor2	TypeA
1088	4/4/2025 7:21	24.73	47.19	BuildingB_Floor2	TypeC
1096	4/3/2025 18:58	26.85	71.01	BuildingB_Floor2	TypeC
1091	4/4/2025 6:11	21.35	78.77	BuildingA_Floor1	TypeA
1097	4/5/2025 9:09	33.06	41.22	BuildingB_Floor2	TypeB
1068	4/5/2025 13:34	20.09	37.09	BuildingB_Floor1	TypeC
1031	4/6/2025 14:17	17.56	46.24	BuildingB_Floor2	TypeC
1071	4/3/2025 8:18	34.39	49.79	BuildingA_Floor2	TypeB
1095	4/7/2025 14:19	32.42	56.57	BuildingB_Floor1	TypeA
1015	4/3/2025 23:46	16.92	31.56	BuildingB_Floor1	TypeC
1085	4/4/2025 11:40	17.76	49.15	BuildingB_Floor1	TypeC
1090	4/2/2025 22:50	29.22	62.4	BuildingA_Floor1	TypeB
1070	4/5/2025 16:59	19.01	39.59	BuildingB_Floor2	TypeC
1032	4/7/2025 4:57	20.23	66.89	BuildingA_Floor2	TypeA
1096	4/7/2025 21:00	15.94	52.74	BuildingB_Floor1	TypeB
1094	4/6/2025 3:07	17.85	44.64	BuildingB_Floor2	TypeB
1082	4/7/2025 19:13	33.27	57.65	BuildingA_Floor2	TypeB
1010	4/3/2025 17:18	34.11	72.13	BuildingB_Floor1	TypeB
1056	4/7/2025 9:45	26.58	62.2	BuildingB_Floor1	TypeB
1048	4/5/2025 4:44	21.55	71.88	BuildingB_Floor2	TypeB
1037	4/5/2025 8:50	19.21	36.93	BuildingA_Floor1	TypeC
1000	4/4/2025 15:49	32.18	48.99	BuildingB_Floor2	TypeB
1094	4/7/2025 1:25	25.29	73.6	BuildingA_Floor1	TypeA
1030	4/5/2025 10:02	31.76	32.6	BuildingB_Floor1	TypeA
1001	4/6/2025 10:17	26.27	34.89	BuildingB_Floor2	TypeB
1069	4/3/2025 9:33	22.34	39.92	BuildingA_Floor2	TypeB
1061	4/3/2025 22:06	29.99	75.22	BuildingA_Floor2	TypeC
1089	4/7/2025 10:33	22.42	72.87	BuildingB_Floor1	TypeA
1005	4/4/2025 20:16	26.75	64.67	BuildingA_Floor1	TypeB
1020	4/7/2025 7:01	15.49	47.54	BuildingA_Floor1	TypeC
1081	4/3/2025 11:18	33.91	64.07	BuildingA_Floor2	TypeB
1024	4/4/2025 11:56	25.29	79.24	BuildingB_Floor1	TypeB
1086	4/4/2025 14:34	31.76	54.4	BuildingB_Floor2	TypeB
1006	4/3/2025 13:42	22.76	59.15	BuildingA_Floor1	TypeA
1043	4/7/2025 15:38	20.46	41.46	BuildingA_Floor2	TypeA
1044	4/7/2025 21:20	34.08	59	BuildingB_Floor1	TypeA
1082	4/5/2025 2:06	23.86	41.44	BuildingA_Floor2	TypeA
1082	4/5/2025 5:44	17.67	65.43	BuildingA_Floor2	TypeB
1072	4/7/2025 0:58	16.11	58.24	BuildingA_Floor1	TypeB
1098	4/3/2025 19:56	29.9	44.46	BuildingA_Floor1	TypeC
1001	4/3/2025 7:44	19.76	66.68	BuildingB_Floor1	TypeB
1014	4/3/2025 7:14	20.45	47.63	BuildingA_Floor2	TypeC
1029	4/6/2025 17:46	20.77	72.6	BuildingB_Floor1	TypeA
1085	4/4/2025 1:22	32.18	44.12	BuildingA_Floor2	TypeB
1016	4/4/2025 11:34	18.29	58.04	BuildingA_Floor1	TypeC
1007	4/3/2025 3:17	26.37	49	BuildingA_Floor2	TypeA
1065	4/4/2025 21:47	30.17	55.74	BuildingA_Floor2	TypeC
1095	4/6/2025 6:47	33.93	49.08	BuildingA_Floor2	TypeA
1028	4/6/2025 3:16	27.13	68.94	BuildingB_Floor1	TypeB
1061	4/2/2025 22:12	34.91	43.97	BuildingB_Floor2	TypeB
1016	4/3/2025 18:52	20.09	63.16	BuildingA_Floor1	TypeC
1007	4/4/2025 0:03	20.59	51.33	BuildingA_Floor2	TypeA
1056	4/6/2025 11:56	28	79.91	BuildingA_Floor2	TypeC
1003	4/4/2025 8:05	20.78	39.57	BuildingA_Floor1	TypeA
1083	4/6/2025 23:44	26.9	45	BuildingB_Floor2	TypeB
1070	4/3/2025 15:13	26.06	50.02	BuildingB_Floor1	TypeC
1009	4/6/2025 3:16	18.25	31.48	BuildingA_Floor2	TypeA
1044	4/5/2025 17:40	25.18	59.65	BuildingB_Floor1	TypeB
1064	4/4/2025 16:34	17.5	62.55	BuildingB_Floor2	TypeA
1062	4/6/2025 23:24	17.56	35.45	BuildingB_Floor2	TypeA
1022	4/7/2025 19:45	16	70.42	BuildingB_Floor1	TypeA
1059	4/3/2025 9:32	34.69	45.62	BuildingB_Floor2	TypeC
1092	4/6/2025 3:49	29.2	50.86	BuildingA_Floor2	TypeB
1039	4/5/2025 19:52	33.64	58.83	BuildingB_Floor1	TypeC
1070	4/5/2025 1:54	30.46	40.24	BuildingB_Floor2	TypeA
1083	4/3/2025 13:48	29.04	50.88	BuildingB_Floor2	TypeB
1085	4/7/2025 3:20	19.54	37.61	BuildingB_Floor1	TypeA
1006	4/4/2025 1:29	33.53	53.48	BuildingB_Floor1	TypeB
1022	4/4/2025 8:13	15.91	52.94	BuildingA_Floor2	TypeC
1017	4/6/2025 1:12	34.48	64.49	BuildingB_Floor1	TypeB
1071	4/6/2025 9:57	20.16	50.18	BuildingB_Floor1	TypeC
1031	4/5/2025 10:29	26.01	31.81	BuildingB_Floor1	TypeB
1047	4/7/2025 19:56	19.61	59.27	BuildingB_Floor2	TypeB
1019	4/7/2025 6:20	15.41	59.05	BuildingB_Floor2	TypeA
1053	4/3/2025 20:05	17.6	62.23	BuildingB_Floor2	TypeA
1068	4/6/2025 22:47	31.91	34.24	BuildingB_Floor2	TypeC
1011	4/3/2025 9:28	15.47	57.09	BuildingB_Floor2	TypeC
1072	4/6/2025 17:50	24.44	51	BuildingB_Floor2	TypeA
1092	4/5/2025 6:55	27.04	50.44	BuildingB_Floor2	TypeB
1065	4/3/2025 0:36	18.17	68.84	BuildingB_Floor2	TypeB
1032	4/3/2025 22:05	20.62	35.25	BuildingB_Floor2	TypeA
1044	4/3/2025 6:31	27.49	68.19	BuildingB_Floor1	TypeA
1037	4/3/2025 21:04	34.25	70.54	BuildingA_Floor2	TypeB
1088	4/6/2025 23:05	24.5	76.06	BuildingB_Floor1	TypeB
1059	4/6/2025 17:29	30.77	46.15	BuildingB_Floor2	TypeA
1069	4/4/2025 19:17	29.26	52.56	BuildingB_Floor1	TypeA
1002	4/4/2025 15:09	30.72	65.26	BuildingB_Floor1	TypeB
1040	4/4/2025 13:00	19.98	52.9	BuildingA_Floor2	TypeC
1059	4/7/2025 16:18	18.04	62.57	BuildingB_Floor1	TypeA
1023	4/5/2025 19:33	17.45	60.65	BuildingA_Floor2	TypeB
1021	4/7/2025 17:05	28.66	48.82	BuildingB_Floor1	TypeA
1001	4/5/2025 10:53	24.43	61.33	BuildingA_Floor1	TypeB
1096	4/6/2025 8:02	25.1	46.25	BuildingA_Floor1	TypeB
1078	4/4/2025 3:43	16.19	44.24	BuildingA_Floor1	TypeC
1059	4/4/2025 1:51	22.31	52.72	BuildingA_Floor1	TypeA
1053	4/4/2025 16:06	18.64	52.47	BuildingB_Floor2	TypeB
1060	4/7/2025 6:51	29.56	46.98	BuildingA_Floor1	TypeB
1089	4/7/2025 9:03	33.09	43.64	BuildingA_Floor1	TypeC
1008	4/7/2025 5:24	24.88	71.05	BuildingA_Floor1	TypeA
1005	4/6/2025 10:08	19.93	32.86	BuildingA_Floor1	TypeB
1044	4/3/2025 15:28	27.29	70.34	BuildingB_Floor1	TypeA
1017	4/6/2025 23:28	30.36	64.95	BuildingB_Floor2	TypeC
1071	4/7/2025 3:17	19.87	46.92	BuildingB_Floor2	TypeB
1005	4/3/2025 14:51	17.24	79.97	BuildingA_Floor2	TypeC
1081	4/4/2025 18:55	34.91	46.86	BuildingA_Floor2	TypeB
1010	4/7/2025 2:50	18.08	66.69	BuildingB_Floor2	TypeC
1002	4/6/2025 2:03	30.39	46.68	BuildingB_Floor2	TypeC
1051	4/4/2025 15:22	20.91	39.15	BuildingA_Floor2	TypeC
1087	4/7/2025 11:15	23.91	30.03	BuildingB_Floor1	TypeA
1067	4/7/2025 6:41	27.67	62.68	BuildingA_Floor2	TypeA
1007	4/7/2025 13:45	17.88	39.43	BuildingB_Floor1	TypeA
1012	4/5/2025 22:34	21.71	70.63	BuildingA_Floor1	TypeA
1055	4/7/2025 8:34	32.49	65.43	BuildingA_Floor1	TypeC
1058	4/5/2025 3:49	22.4	48.79	BuildingA_Floor2	TypeC
1056	4/5/2025 4:55	18.37	56.4	BuildingB_Floor1	TypeB
1022	4/7/2025 5:37	15.39	37.36	BuildingA_Floor2	TypeA
1025	4/5/2025 9:47	27.03	65.61	BuildingA_Floor1	TypeA
1037	4/7/2025 3:29	23.7	37.64	BuildingA_Floor1	TypeA
1075	4/4/2025 20:31	28.11	56.16	BuildingB_Floor2	TypeB
1033	4/5/2025 4:08	17.87	47.9	BuildingB_Floor1	TypeB
1067	4/3/2025 17:42	16.94	39.76	BuildingB_Floor2	TypeC
1044	4/5/2025 17:27	20.83	57.16	BuildingA_Floor1	TypeC
1086	4/3/2025 23:28	32.87	51.62	BuildingB_Floor1	TypeA
1051	4/3/2025 7:11	29.6	42.11	BuildingA_Floor2	TypeC
1082	4/7/2025 14:54	24.29	63.41	BuildingB_Floor1	TypeB
1040	4/6/2025 7:05	19.31	51.62	BuildingB_Floor1	TypeB
1069	4/6/2025 6:06	27.51	72.78	BuildingB_Floor2	TypeC
1093	4/3/2025 22:57	24.43	65.73	BuildingB_Floor1	TypeB
1033	4/5/2025 22:19	33.91	59.34	BuildingA_Floor1	TypeA
1012	4/6/2025 13:10	22.98	61.23	BuildingB_Floor2	TypeB
1033	4/5/2025 5:48	21.59	71.59	BuildingB_Floor2	TypeB
1027	4/4/2025 7:44	26.01	76.15	BuildingA_Floor2	TypeC
1079	4/6/2025 22:19	28.46	44.09	BuildingA_Floor1	TypeA
1055	4/7/2025 7:18	22.21	45.21	BuildingB_Floor2	TypeA
1001	4/6/2025 23:57	20.7	33.88	BuildingA_Floor2	TypeA
1058	4/7/2025 19:51	16.28	57.95	BuildingB_Floor2	TypeA
1014	4/3/2025 11:49	24.54	37.09	BuildingB_Floor2	TypeA
1012	4/4/2025 19:15	21.72	58.89	BuildingA_Floor2	TypeC
1024	4/5/2025 17:05	20.51	72.05	BuildingB_Floor1	TypeC
1075	4/7/2025 1:26	28.07	41.06	BuildingA_Floor2	TypeA
1060	4/7/2025 8:11	16.79	65.23	BuildingA_Floor2	TypeB
1079	4/5/2025 1:32	30.14	40.97	BuildingA_Floor2	TypeC
1034	4/4/2025 5:13	25.55	53.85	BuildingA_Floor1	TypeA
1063	4/7/2025 5:55	23.06	37.49	BuildingA_Floor2	TypeC
1058	4/3/2025 7:29	25.6	31.08	BuildingB_Floor2	TypeC
1037	4/3/2025 13:38	34.4	39.02	BuildingA_Floor2	TypeA
1092	4/4/2025 18:21	17.81	62.82	BuildingB_Floor1	TypeB
1025	4/6/2025 13:38	19.6	73.22	BuildingB_Floor2	TypeC
1048	4/6/2025 2:28	34.2	50.37	BuildingB_Floor1	TypeC
1089	4/5/2025 18:03	20.45	36.91	BuildingB_Floor2	TypeB
1066	4/3/2025 20:29	25.5	64.93	BuildingA_Floor1	TypeA
1046	4/4/2025 2:05	30.93	37.46	BuildingB_Floor2	TypeB
1085	4/3/2025 12:17	25.87	58.3	BuildingA_Floor1	TypeA
1022	4/3/2025 19:38	15.13	45.85	BuildingA_Floor2	TypeC
1097	4/6/2025 4:01	19.63	32.01	BuildingB_Floor1	TypeC
1019	4/4/2025 0:00	18.06	42.77	BuildingA_Floor1	TypeC
1065	4/5/2025 23:53	16.83	38.32	BuildingA_Floor1	TypeA
1047	4/7/2025 7:19	16.96	70.51	BuildingB_Floor2	TypeC
1092	4/7/2025 3:58	16.29	62.24	BuildingA_Floor1	TypeA
1030	4/6/2025 2:27	18	63.31	BuildingB_Floor2	TypeB
1048	4/6/2025 9:08	27.29	72.39	BuildingA_Floor1	TypeC
1055	4/3/2025 0:08	31.2	78.74	BuildingA_Floor2	TypeB
1083	4/6/2025 12:09	15.9	69.52	BuildingA_Floor2	TypeB
1100	4/4/2025 4:21	31.68	43.3	BuildingA_Floor1	TypeB
1004	4/5/2025 4:49	34.1	44.42	BuildingB_Floor2	TypeB
1030	4/5/2025 16:05	25.12	38.65	BuildingA_Floor1	TypeC
1044	4/6/2025 20:41	19.66	49.09	BuildingB_Floor1	TypeC
1080	4/5/2025 6:30	33.83	58.6	BuildingB_Floor1	TypeA
1033	4/4/2025 23:21	33.75	66.35	BuildingA_Floor2	TypeC
1075	4/3/2025 23:40	19.58	68.93	BuildingA_Floor2	TypeB
1078	4/6/2025 17:11	28.13	79.1	BuildingB_Floor1	TypeA
1079	4/5/2025 5:46	21.1	30.3	BuildingA_Floor2	TypeA
1060	4/5/2025 18:24	29.25	77.05	BuildingA_Floor2	TypeA
1086	4/5/2025 19:21	29.61	65.28	BuildingB_Floor2	TypeB
1031	4/6/2025 6:05	15.76	56.33	BuildingB_Floor1	TypeA
1026	4/6/2025 1:35	23.37	74.12	BuildingB_Floor1	TypeB
1087	4/3/2025 12:08	22	66.5	BuildingB_Floor2	TypeC
1072	4/5/2025 3:40	34.91	40.73	BuildingA_Floor1	TypeC
1011	4/7/2025 7:34	16.66	46.07	BuildingB_Floor1	TypeB
1053	4/5/2025 5:36	33.66	66.4	BuildingA_Floor1	TypeC
1097	4/7/2025 19:48	33.26	60.39	BuildingA_Floor2	TypeB
1027	4/7/2025 9:33	25.83	47.82	BuildingA_Floor1	TypeB
1002	4/6/2025 3:29	20.27	63.18	BuildingB_Floor2	TypeC
1038	4/6/2025 8:04	20.36	68.49	BuildingB_Floor1	TypeB
1024	4/7/2025 12:22	34.76	34.14	BuildingB_Floor2	TypeC
1022	4/3/2025 8:21	21.17	40.72	BuildingA_Floor1	TypeA
1033	4/4/2025 6:41	18.8	46.41	BuildingA_Floor1	TypeA
1092	4/3/2025 5:10	22.35	42.95	BuildingB_Floor2	TypeA
1064	4/6/2025 19:35	29.57	66.2	BuildingA_Floor2	TypeA
1082	4/7/2025 21:25	20.83	54.97	BuildingB_Floor1	TypeB
1013	4/3/2025 7:18	19.9	68.73	BuildingA_Floor2	TypeC
1098	4/6/2025 4:24	26.75	48.23	BuildingA_Floor2	TypeA
1002	4/4/2025 9:50	21.59	31.63	BuildingB_Floor1	TypeC
1088	4/5/2025 11:17	24.5	40.1	BuildingA_Floor1	TypeA
1049	4/7/2025 15:24	27.44	68.33	BuildingB_Floor2	TypeC
1033	4/7/2025 16:00	23.6	53.81	BuildingB_Floor1	TypeA
1043	4/4/2025 17:04	25.12	47.59	BuildingB_Floor2	TypeC
1009	4/5/2025 16:43	20.1	34.64	BuildingB_Floor1	TypeC
1001	4/7/2025 5:52	24.32	42.49	BuildingA_Floor2	TypeA
1001	4/5/2025 17:51	18.85	65.57	BuildingB_Floor2	TypeB
1097	4/4/2025 21:34	23.56	49.78	BuildingB_Floor1	TypeA
1028	4/6/2025 1:54	24.61	48.48	BuildingA_Floor1	TypeA
1058	4/4/2025 23:21	17.97	75.22	BuildingA_Floor1	TypeC
1002	4/5/2025 13:12	30.76	75.95	BuildingA_Floor2	TypeA
1008	4/5/2025 5:57	20.94	47.09	BuildingA_Floor1	TypeB
1084	4/6/2025 0:07	28.76	79.93	BuildingA_Floor2	TypeA
1037	4/4/2025 1:53	22.79	76.82	BuildingA_Floor1	TypeB
1096	4/5/2025 21:00	16.56	55.58	BuildingA_Floor1	TypeB
1048	4/4/2025 22:00	27.84	53.43	BuildingB_Floor2	TypeA
1015	4/6/2025 18:28	30.17	78.12	BuildingA_Floor2	TypeA
1010	4/3/2025 13:39	25.11	41.76	BuildingA_Floor1	TypeA
1064	4/7/2025 3:25	23.35	57.79	BuildingA_Floor2	TypeC
1071	4/3/2025 19:40	30.47	32.26	BuildingA_Floor1	TypeA
1032	4/5/2025 17:07	15.7	51.56	BuildingA_Floor2	TypeC
1018	4/6/2025 13:22	24.87	37.62	BuildingB_Floor1	TypeB
1090	4/2/2025 22:40	30.32	54.4	BuildingB_Floor1	TypeA
1082	4/3/2025 6:41	31.02	31.26	BuildingB_Floor1	TypeA
1059	4/6/2025 2:34	30.03	41.24	BuildingA_Floor1	TypeC
1036	4/7/2025 10:18	24.63	49.97	BuildingB_Floor2	TypeB
1014	4/5/2025 5:02	33.72	49.66	BuildingB_Floor1	TypeA
1023	4/7/2025 15:17	20.57	45.82	BuildingB_Floor1	TypeC
1052	4/5/2025 14:34	22.87	65.84	BuildingA_Floor1	TypeB
1056	4/3/2025 17:49	15.33	36.04	BuildingB_Floor2	TypeA
1065	4/6/2025 8:23	27.43	63.83	BuildingB_Floor2	TypeC
1076	4/4/2025 2:20	33.2	32.43	BuildingB_Floor1	TypeC
1002	4/6/2025 0:31	23.26	63.29	BuildingA_Floor1	TypeB
1099	4/4/2025 22:51	21.78	50.12	BuildingA_Floor1	TypeA
1097	4/7/2025 5:14	26.57	74.59	BuildingB_Floor1	TypeA
1040	4/7/2025 6:49	28.01	66.66	BuildingB_Floor1	TypeC
1002	4/6/2025 7:07	32.93	56.17	BuildingB_Floor2	TypeC
1079	4/4/2025 11:35	33.33	40.2	BuildingA_Floor1	TypeC
1005	4/6/2025 17:38	21.49	78.02	BuildingB_Floor2	TypeA
1075	4/4/2025 17:37	18.79	43.64	BuildingB_Floor2	TypeC
1036	4/7/2025 12:39	30.28	45.22	BuildingA_Floor1	TypeB
1095	4/4/2025 3:03	18.63	48.32	BuildingB_Floor2	TypeA
1013	4/3/2025 16:59	15.27	50.07	BuildingB_Floor2	TypeB
1026	4/6/2025 18:24	23.15	56.56	BuildingA_Floor1	TypeC
1049	4/3/2025 9:46	33.07	75.91	BuildingA_Floor2	TypeC
1020	4/7/2025 13:04	28.94	37.08	BuildingA_Floor2	TypeC
1095	4/3/2025 7:37	23.27	64.43	BuildingB_Floor2	TypeA
1090	4/6/2025 14:03	17.69	76.74	BuildingB_Floor1	TypeC
1024	4/4/2025 14:35	30.71	78.11	BuildingA_Floor2	TypeC
1047	4/3/2025 21:56	32.47	42.41	BuildingB_Floor2	TypeB
1009	4/3/2025 17:12	27.23	65.85	BuildingB_Floor1	TypeC
1037	4/7/2025 18:29	30.57	30.15	BuildingB_Floor1	TypeC
1011	4/3/2025 18:29	28.61	51.27	BuildingA_Floor1	TypeC
1009	4/4/2025 9:20	26.87	32.56	BuildingB_Floor2	TypeC
1027	4/3/2025 19:39	19.13	61.68	BuildingB_Floor2	TypeC
1010	4/6/2025 23:47	19.16	42.06	BuildingA_Floor1	TypeA
1089	4/5/2025 23:21	31.27	42.36	BuildingA_Floor1	TypeB
1048	4/4/2025 20:52	23.18	55.12	BuildingB_Floor1	TypeC
1028	4/5/2025 20:45	17.61	38.78	BuildingB_Floor2	TypeB
1029	4/3/2025 10:33	28.38	72.25	BuildingA_Floor2	TypeB
1016	4/4/2025 12:26	27.47	72.54	BuildingB_Floor1	TypeA
1037	4/7/2025 15:29	32.84	40.96	BuildingB_Floor1	TypeC
1091	4/4/2025 21:00	34.21	75.33	BuildingB_Floor1	TypeC
1077	4/7/2025 20:10	16.34	37.93	BuildingB_Floor1	TypeB
1050	4/6/2025 4:47	29.86	60.58	BuildingB_Floor2	TypeB
1055	4/2/2025 23:38	23.03	50.08	BuildingA_Floor1	TypeB
1087	4/7/2025 15:57	31.61	64.17	BuildingB_Floor2	TypeC
1082	4/5/2025 21:55	28.34	59.4	BuildingA_Floor1	TypeC
1075	4/2/2025 22:37	24.8	66.4	BuildingB_Floor1	TypeB
1011	4/6/2025 22:31	18.46	43.11	BuildingA_Floor1	TypeB
1047	4/4/2025 15:39	17.64	76.08	BuildingA_Floor1	TypeC
1005	4/4/2025 10:13	24.84	57.74	BuildingA_Floor2	TypeA
1052	4/4/2025 22:31	17.23	70.46	BuildingB_Floor1	TypeB
1054	4/4/2025 10:40	21.57	57.85	BuildingA_Floor2	TypeB
1016	4/5/2025 12:20	28.71	30.22	BuildingA_Floor1	TypeB
1088	4/5/2025 2:11	32.78	70.03	BuildingA_Floor2	TypeB
1099	4/7/2025 15:16	29.37	54.74	BuildingB_Floor1	TypeC
1003	4/5/2025 17:42	22.09	68.9	BuildingA_Floor1	TypeA
1065	4/5/2025 5:41	18.36	63.14	BuildingA_Floor2	TypeA
1093	4/5/2025 0:50	15.05	76.96	BuildingB_Floor2	TypeB
1100	4/4/2025 6:23	21.3	46.15	BuildingB_Floor2	TypeA
1005	4/4/2025 6:45	17.27	30.5	BuildingA_Floor2	TypeC
1094	4/4/2025 8:43	18.51	49.45	BuildingA_Floor2	TypeA
1084	4/7/2025 4:30	23.77	72.68	BuildingB_Floor1	TypeA
1069	4/4/2025 17:44	15.72	55.6	BuildingB_Floor2	TypeB
1094	4/3/2025 8:36	28.15	53.87	BuildingB_Floor1	TypeB
1048	4/3/2025 6:56	17.43	73.94	BuildingB_Floor1	TypeB
1092	4/5/2025 21:47	22.97	75.88	BuildingB_Floor1	TypeC
1034	4/4/2025 2:06	19.88	42.15	BuildingA_Floor2	TypeA
1030	4/7/2025 13:25	17.07	69.12	BuildingA_Floor1	TypeB
1036	4/7/2025 8:12	25.99	69.3	BuildingB_Floor2	TypeB
1090	4/7/2025 2:45	32.71	30.9	BuildingA_Floor1	TypeC
1043	4/7/2025 3:05	24.27	67.59	BuildingB_Floor2	TypeA
1009	4/3/2025 15:45	20.24	32.07	BuildingB_Floor1	TypeA
1045	4/3/2025 21:39	20.67	78.99	BuildingB_Floor1	TypeA
1011	4/7/2025 14:06	33.41	48.47	BuildingA_Floor2	TypeA
1062	4/4/2025 22:25	22.79	49.08	BuildingB_Floor2	TypeB
1070	4/4/2025 0:20	16.68	52.62	BuildingB_Floor2	TypeA
1002	4/4/2025 2:36	17.44	40.56	BuildingB_Floor2	TypeB
1060	4/5/2025 16:16	32.32	66.31	BuildingA_Floor1	TypeC
1034	4/5/2025 10:41	15.05	31.55	BuildingA_Floor2	TypeB
1006	4/6/2025 5:15	16.69	56.39	BuildingA_Floor1	TypeA
1058	4/2/2025 23:30	18.91	62.85	BuildingA_Floor1	TypeC
1051	4/4/2025 21:48	30.83	34.21	BuildingB_Floor1	TypeA
1042	4/6/2025 2:41	26.59	32.23	BuildingB_Floor1	TypeB
1021	4/7/2025 9:10	21.76	46.82	BuildingA_Floor2	TypeA
1018	4/4/2025 15:44	29.74	69.86	BuildingB_Floor2	TypeA
1055	4/6/2025 18:05	19.92	69.86	BuildingB_Floor1	TypeB
1076	4/4/2025 7:27	27.4	71.64	BuildingB_Floor1	TypeC
1057	4/5/2025 19:43	24.43	41.99	BuildingB_Floor2	TypeA
1089	4/7/2025 7:17	28.67	50.77	BuildingB_Floor2	TypeB
1038	4/7/2025 10:42	18.64	39.21	BuildingA_Floor2	TypeB
1011	4/6/2025 2:34	19.72	78.2	BuildingA_Floor2	TypeA
1016	4/7/2025 20:39	24.09	37.27	BuildingA_Floor1	TypeB
1024	4/5/2025 5:09	34.28	67.07	BuildingA_Floor2	TypeC
1030	4/2/2025 22:23	19.23	67.27	BuildingA_Floor1	TypeB
1044	4/4/2025 4:38	29.61	58.41	BuildingA_Floor2	TypeA
1040	4/5/2025 2:58	31.89	69.21	BuildingB_Floor1	TypeA
1037	4/3/2025 2:57	28.03	33.54	BuildingB_Floor2	TypeB
1002	4/5/2025 15:11	16.78	72.73	BuildingA_Floor2	TypeC
1030	4/4/2025 19:06	23.35	74.7	BuildingB_Floor1	TypeA
1003	4/7/2025 1:22	34.67	33.44	BuildingB_Floor2	TypeB
1038	4/7/2025 16:03	31.22	30.68	BuildingA_Floor2	TypeB
1050	4/2/2025 23:48	25.22	49.58	BuildingA_Floor2	TypeA
1035	4/4/2025 18:03	31.12	72.75	BuildingA_Floor1	TypeA
1014	4/3/2025 13:53	23.86	75.6	BuildingA_Floor2	TypeA
1037	4/6/2025 16:41	17.65	69.02	BuildingA_Floor2	TypeC
1057	4/4/2025 7:41	18.85	36.64	BuildingA_Floor1	TypeB
1045	4/6/2025 12:12	21.58	31.24	BuildingB_Floor2	TypeC
1033	4/5/2025 5:45	31.42	56.88	BuildingA_Floor2	TypeA
1028	4/6/2025 10:08	25.31	77.29	BuildingA_Floor2	TypeB
1004	4/5/2025 17:05	22.54	43.71	BuildingA_Floor2	TypeB
1073	4/5/2025 0:32	26.57	30.27	BuildingB_Floor1	TypeC
1003	4/7/2025 6:18	17.04	53.63	BuildingA_Floor2	TypeC
1098	4/3/2025 20:44	15.28	62.08	BuildingA_Floor1	TypeA
1045	4/5/2025 4:03	20.72	68.17	BuildingB_Floor2	TypeB
1034	4/7/2025 9:29	27.17	58.22	BuildingA_Floor2	TypeC
1011	4/4/2025 0:54	27.72	44.3	BuildingA_Floor2	TypeC
1086	4/3/2025 9:16	29.58	59.03	BuildingB_Floor1	TypeB
1004	4/6/2025 8:31	16.25	57.45	BuildingA_Floor1	TypeC
1090	4/3/2025 15:27	20.23	58.05	BuildingB_Floor1	TypeC
1021	4/3/2025 11:12	30.95	33.02	BuildingB_Floor1	TypeB
1100	4/7/2025 15:11	27.31	64.19	BuildingA_Floor1	TypeA
1023	4/7/2025 5:18	33.29	54.68	BuildingA_Floor1	TypeC
1081	4/5/2025 1:19	32.29	62.2	BuildingA_Floor2	TypeB
1084	4/3/2025 17:39	16.28	79.6	BuildingB_Floor2	TypeC
1071	4/4/2025 6:14	26.41	30.94	BuildingA_Floor2	TypeB
1038	4/5/2025 10:03	24.22	64.72	BuildingB_Floor2	TypeC
1046	4/6/2025 22:02	19.96	46.94	BuildingB_Floor1	TypeB
1055	4/5/2025 14:55	20.76	53.64	BuildingA_Floor1	TypeC
1064	4/6/2025 12:55	20.35	43.36	BuildingB_Floor2	TypeC
1076	4/4/2025 7:30	21.54	50.78	BuildingA_Floor1	TypeA
1094	4/5/2025 2:43	16.85	57.2	BuildingA_Floor2	TypeA
1035	4/4/2025 22:03	16.69	42.26	BuildingB_Floor1	TypeB
1019	4/3/2025 7:45	24.17	52.04	BuildingB_Floor2	TypeB
1067	4/3/2025 15:41	17	45.85	BuildingB_Floor1	TypeB
1012	4/6/2025 12:14	34.98	47.18	BuildingB_Floor2	TypeC
1095	4/5/2025 11:36	21.03	64.52	BuildingB_Floor1	TypeA
1081	4/7/2025 12:00	15.31	40.46	BuildingA_Floor1	TypeB
1007	4/6/2025 21:44	33.45	52.64	BuildingA_Floor2	TypeC
1007	4/4/2025 20:32	34.13	49.16	BuildingA_Floor1	TypeA
1090	4/5/2025 0:31	30.32	51.62	BuildingA_Floor2	TypeC
1063	4/5/2025 20:35	29.79	34.37	BuildingA_Floor2	TypeB
1047	4/3/2025 11:07	32.01	63.07	BuildingB_Floor2	TypeC
1095	4/5/2025 1:46	20.29	35.8	BuildingB_Floor1	TypeA
1022	4/5/2025 8:43	22.93	79.73	BuildingA_Floor1	TypeB
1100	4/6/2025 0:50	30.69	69.41	BuildingB_Floor2	TypeB
1074	4/5/2025 13:11	32.07	59.72	BuildingA_Floor2	TypeC
1091	4/5/2025 13:05	24.73	72.16	BuildingB_Floor1	TypeB
1052	4/6/2025 23:04	22	32.37	BuildingB_Floor2	TypeC
1022	4/7/2025 2:22	24.92	74.77	BuildingB_Floor1	TypeA
1053	4/3/2025 16:27	30.45	72.14	BuildingB_Floor2	TypeA
1067	4/6/2025 2:54	30.62	40.33	BuildingB_Floor1	TypeB
1003	4/4/2025 12:51	22.85	50.79	BuildingB_Floor1	TypeC
1039	4/5/2025 3:39	19.14	46.23	BuildingA_Floor2	TypeB
1087	4/5/2025 19:17	22.14	65.7	BuildingB_Floor1	TypeB
1005	4/7/2025 2:36	23.38	30.74	BuildingB_Floor2	TypeA
1094	4/3/2025 4:21	25.78	59.86	BuildingB_Floor1	TypeB
1076	4/3/2025 10:03	28.08	36.08	BuildingA_Floor1	TypeA
1008	4/7/2025 16:32	22.78	50.6	BuildingA_Floor1	TypeA
1045	4/5/2025 0:47	16.83	34.55	BuildingA_Floor2	TypeB
1069	4/3/2025 9:56	15.21	35.03	BuildingB_Floor1	TypeA
1054	4/4/2025 6:26	25.15	76.05	BuildingA_Floor1	TypeA
1018	4/7/2025 4:13	26.2	37.94	BuildingA_Floor1	TypeC
1057	4/3/2025 12:25	21.05	50.92	BuildingB_Floor1	TypeC
1065	4/4/2025 5:45	34.12	75.66	BuildingA_Floor1	TypeB
1069	4/3/2025 0:56	21.61	41.61	BuildingA_Floor2	TypeC
1088	4/6/2025 5:47	16.18	54.11	BuildingA_Floor2	TypeB
1065	4/6/2025 21:54	19.26	32.72	BuildingA_Floor2	TypeB
1086	4/7/2025 1:03	27.91	72.47	BuildingB_Floor2	TypeB
1043	4/6/2025 22:29	31.37	69.1	BuildingA_Floor2	TypeA
1072	4/7/2025 7:46	31.45	66.95	BuildingB_Floor1	TypeC
1049	4/5/2025 0:28	31.66	64.17	BuildingA_Floor1	TypeA
1023	4/3/2025 13:37	28.4	58.11	BuildingA_Floor1	TypeB
1040	4/6/2025 21:16	33.24	78.06	BuildingA_Floor2	TypeB
1074	4/4/2025 19:19	29.05	35.18	BuildingA_Floor1	TypeC
1008	4/6/2025 10:18	15.91	66.34	BuildingA_Floor1	TypeB
1023	4/7/2025 20:11	23.42	69.5	BuildingB_Floor1	TypeA
1041	4/6/2025 14:13	24.92	34.49	BuildingA_Floor1	TypeA
1009	4/3/2025 22:32	23.21	37.71	BuildingB_Floor1	TypeA
1068	4/3/2025 17:35	15.83	45.15	BuildingB_Floor2	TypeA
1083	4/5/2025 20:54	20.56	68.62	BuildingB_Floor1	TypeC
1083	4/3/2025 19:17	33.62	42.38	BuildingB_Floor1	TypeB
1060	4/4/2025 16:47	32.79	76.85	BuildingB_Floor1	TypeB
1056	4/5/2025 12:50	18.1	50.16	BuildingB_Floor1	TypeA
1082	4/4/2025 18:31	22.42	75.27	BuildingA_Floor1	TypeB
1027	4/7/2025 4:40	20.54	74.5	BuildingA_Floor1	TypeB
1089	4/5/2025 15:42	20.81	57.16	BuildingA_Floor1	TypeB
1092	4/7/2025 10:35	24.47	75.05	BuildingB_Floor2	TypeB
1098	4/7/2025 10:53	18.52	59.86	BuildingA_Floor1	TypeB
1082	4/5/2025 14:46	15.7	69.48	BuildingA_Floor1	TypeC
1048	4/7/2025 9:01	20.54	47.17	BuildingB_Floor1	TypeC
1036	4/5/2025 5:57	23.44	64.6	BuildingA_Floor1	TypeB
1019	4/7/2025 6:13	34.16	31.19	BuildingA_Floor1	TypeB
1029	4/4/2025 14:38	24.47	64.04	BuildingB_Floor2	TypeA
1069	4/3/2025 1:13	20.84	40.1	BuildingA_Floor2	TypeC
1038	4/5/2025 15:43	26.55	63.53	BuildingA_Floor1	TypeC
1062	4/6/2025 20:50	34.32	33.2	BuildingB_Floor1	TypeB
1012	4/5/2025 13:50	19.31	69.28	BuildingB_Floor1	TypeA
1016	4/6/2025 11:40	19.38	69.35	BuildingA_Floor1	TypeA
1057	4/6/2025 4:57	15.01	77.4	BuildingA_Floor1	TypeC
1074	4/4/2025 21:09	18.52	73.25	BuildingA_Floor2	TypeC
1093	4/6/2025 0:10	22.81	64.31	BuildingA_Floor2	TypeC
1016	4/4/2025 20:32	21.88	68.87	BuildingB_Floor2	TypeB
1026	4/4/2025 5:51	32.49	59.35	BuildingA_Floor2	TypeB
1029	4/5/2025 18:09	29.21	64.15	BuildingB_Floor2	TypeB
1048	4/7/2025 11:47	32.73	56.97	BuildingB_Floor1	TypeA
1030	4/7/2025 13:17	25.97	51.35	BuildingB_Floor1	TypeA
1057	4/7/2025 4:47	34.44	62.84	BuildingA_Floor2	TypeC
1012	4/7/2025 6:08	30.42	57.58	BuildingB_Floor2	TypeC
1072	4/6/2025 19:21	22.29	52.75	BuildingA_Floor1	TypeC
1062	4/5/2025 14:23	28.72	66.27	BuildingA_Floor2	TypeA
1067	4/7/2025 10:10	32.09	48.95	BuildingB_Floor2	TypeC
1094	4/7/2025 8:48	16.44	56.83	BuildingB_Floor2	TypeC
1037	4/4/2025 17:59	29.53	56.19	BuildingB_Floor1	TypeA
1032	4/6/2025 5:41	26.32	70.56	BuildingB_Floor2	TypeC
1074	4/7/2025 2:18	33.22	79.68	BuildingB_Floor1	TypeB
1024	4/3/2025 16:16	15.99	48.21	BuildingB_Floor2	TypeB
1047	4/6/2025 21:38	16.31	44.37	BuildingA_Floor2	TypeB
1057	4/5/2025 23:19	17.39	67.35	BuildingB_Floor2	TypeA
1017	4/4/2025 3:56	19.88	44.29	BuildingB_Floor1	TypeA
1015	4/4/2025 10:42	22.25	31.25	BuildingB_Floor2	TypeB
1094	4/3/2025 9:38	19.22	78.32	BuildingA_Floor2	TypeB
1050	4/6/2025 8:08	27.57	51.98	BuildingB_Floor1	TypeA
1068	4/4/2025 5:11	25.07	33.03	BuildingA_Floor2	TypeB
1083	4/3/2025 4:28	30.83	34.98	BuildingA_Floor1	TypeA
1026	4/5/2025 12:18	28.2	66.74	BuildingA_Floor2	TypeA
1096	4/4/2025 1:11	15.89	68.49	BuildingA_Floor2	TypeA
1018	4/6/2025 8:59	15.73	43.93	BuildingA_Floor2	TypeC
1075	4/4/2025 8:32	18.7	36.28	BuildingA_Floor2	TypeB
1023	4/5/2025 6:09	17.5	52.22	BuildingB_Floor1	TypeB
1030	4/3/2025 18:30	28.58	55.09	BuildingB_Floor2	TypeB
1004	4/4/2025 4:22	22.91	66.21	BuildingA_Floor2	TypeC
1069	4/6/2025 10:42	27.14	35.17	BuildingB_Floor1	TypeC
1020	4/5/2025 5:33	20.29	42.49	BuildingA_Floor1	TypeB
1086	4/6/2025 22:50	22.97	34.93	BuildingA_Floor2	TypeC
1043	4/4/2025 13:59	17.23	42	BuildingB_Floor2	TypeA
1003	4/5/2025 21:59	27.78	56.55	BuildingA_Floor2	TypeB
1051	4/3/2025 12:41	25.65	73.31	BuildingA_Floor2	TypeA
1075	4/3/2025 21:06	20.29	76.86	BuildingB_Floor1	TypeC
1033	4/4/2025 21:22	23.72	37.88	BuildingB_Floor2	TypeA
1100	4/5/2025 11:30	30.74	78.47	BuildingB_Floor1	TypeB
1031	4/3/2025 3:39	33.14	55.68	BuildingA_Floor1	TypeA
1051	4/6/2025 4:32	25.66	79.28	BuildingA_Floor2	TypeC
1044	4/3/2025 9:24	19.9	79.85	BuildingA_Floor1	TypeA
1036	4/3/2025 5:12	21.77	30.12	BuildingB_Floor1	TypeA
1100	4/5/2025 2:00	31.95	32.19	BuildingA_Floor1	TypeC
1044	4/4/2025 1:25	33.9	70.12	BuildingB_Floor1	TypeC
1091	4/4/2025 23:21	19.39	74.95	BuildingA_Floor1	TypeA
1067	4/5/2025 7:03	32.96	70.9	BuildingB_Floor2	TypeA
1030	4/4/2025 17:35	26.68	34.98	BuildingB_Floor2	TypeA
1039	4/5/2025 6:06	26.98	52.14	BuildingA_Floor2	TypeB
1087	4/7/2025 16:15	28.81	70.22	BuildingB_Floor2	TypeC
1005	4/3/2025 1:24	25.62	68.68	BuildingA_Floor1	TypeB
1011	4/3/2025 17:09	24.38	76.03	BuildingA_Floor2	TypeB
1000	4/5/2025 22:33	25.98	50.09	BuildingA_Floor2	TypeA
1078	4/3/2025 6:12	26.2	72.89	BuildingB_Floor2	TypeB
1065	4/7/2025 8:07	34.81	43.27	BuildingB_Floor2	TypeA
1027	4/4/2025 12:29	32.33	50.79	BuildingA_Floor1	TypeB
1066	4/3/2025 22:54	15.08	37.86	BuildingB_Floor2	TypeB
1039	4/5/2025 7:19	33.59	39.57	BuildingB_Floor1	TypeC
1034	4/3/2025 13:28	33.22	37.69	BuildingA_Floor2	TypeC
1062	4/5/2025 8:20	18.83	71.96	BuildingB_Floor2	TypeC
1089	4/6/2025 22:37	22.76	35.61	BuildingB_Floor1	TypeC
1074	4/6/2025 11:38	34.54	38.21	BuildingA_Floor2	TypeB
1026	4/4/2025 4:51	17.94	66.72	BuildingA_Floor1	TypeB
1043	4/3/2025 11:01	23.12	55.42	BuildingA_Floor2	TypeC
1095	4/3/2025 13:33	31.64	71.94	BuildingB_Floor1	TypeC
1047	4/3/2025 16:46	24.95	51.67	BuildingB_Floor2	TypeB
1030	4/7/2025 20:24	29.12	41.17	BuildingA_Floor2	TypeB
1069	4/6/2025 6:03	21.76	76.09	BuildingA_Floor2	TypeA
1056	4/3/2025 23:19	29.3	64.45	BuildingB_Floor1	TypeC
1083	4/5/2025 11:47	27.67	78.72	BuildingA_Floor2	TypeA
1080	4/5/2025 15:50	32.59	48.13	BuildingA_Floor2	TypeB
1047	4/6/2025 23:41	30.77	40.86	BuildingA_Floor2	TypeB
1078	4/6/2025 18:40	22.89	38.89	BuildingB_Floor1	TypeA
1064	4/3/2025 10:37	19.94	73.97	BuildingB_Floor2	TypeB
1025	4/5/2025 23:13	19.23	41.95	BuildingA_Floor1	TypeC
1071	4/4/2025 2:48	26.95	57.62	BuildingA_Floor2	TypeA
1079	4/5/2025 22:29	22.14	44.84	BuildingB_Floor2	TypeC
1026	4/5/2025 3:13	23.21	76.36	BuildingB_Floor1	TypeA
1077	4/7/2025 12:11	34.59	58.37	BuildingA_Floor1	TypeC
1056	4/5/2025 2:13	25.28	34.29	BuildingB_Floor2	TypeA
1071	4/5/2025 13:55	31.72	76.25	BuildingB_Floor1	TypeA
1096	4/3/2025 6:40	30.34	56.47	BuildingB_Floor2	TypeB
1069	4/3/2025 3:34	30	70.19	BuildingB_Floor2	TypeA
1024	4/6/2025 5:21	25.38	63.33	BuildingB_Floor2	TypeC
1091	4/3/2025 6:56	34.19	73.69	BuildingA_Floor2	TypeC
1045	4/3/2025 9:43	16.02	43.02	BuildingA_Floor2	TypeB
1064	4/5/2025 2:07	15.13	61.03	BuildingA_Floor2	TypeC
1045	4/3/2025 3:10	27.44	53.38	BuildingB_Floor2	TypeB
1069	4/5/2025 22:41	15.17	38.33	BuildingB_Floor1	TypeC
1033	4/7/2025 4:09	22.41	38.91	BuildingA_Floor1	TypeB
1100	4/3/2025 16:10	18.2	40.46	BuildingA_Floor1	TypeB
1078	4/6/2025 3:50	18.98	38.02	BuildingB_Floor2	TypeA
1026	4/5/2025 7:51	19.72	69.42	BuildingA_Floor2	TypeB
1049	4/6/2025 21:51	33.02	60.05	BuildingB_Floor1	TypeC
1021	4/7/2025 17:33	34.18	56.96	BuildingA_Floor1	TypeC
1075	4/6/2025 5:22	17.86	75.97	BuildingA_Floor1	TypeC
1010	4/5/2025 22:12	28.88	31.54	BuildingB_Floor1	TypeB
1025	4/3/2025 14:20	25.45	36.55	BuildingA_Floor1	TypeB
1044	4/5/2025 5:09	31.67	34.87	BuildingA_Floor2	TypeB
1055	4/4/2025 18:52	26.06	77.11	BuildingB_Floor1	TypeC
1005	4/6/2025 22:34	28.76	58.93	BuildingA_Floor1	TypeC
1077	4/4/2025 2:21	23.85	40.09	BuildingA_Floor2	TypeC
1013	4/4/2025 14:16	16.57	52.12	BuildingA_Floor2	TypeC
1050	4/2/2025 22:28	30.7	75.12	BuildingA_Floor1	TypeB
1090	4/5/2025 20:34	30.84	32.82	BuildingB_Floor2	TypeA
1036	4/3/2025 22:05	20.06	47.99	BuildingA_Floor1	TypeA
1009	4/5/2025 2:19	15.54	39.29	BuildingA_Floor1	TypeA
1046	4/4/2025 4:22	30.16	56.98	BuildingA_Floor1	TypeB
1082	4/4/2025 15:14	31.11	42.84	BuildingB_Floor2	TypeC
1068	4/6/2025 21:33	24.53	68.8	BuildingA_Floor1	TypeA
1021	4/3/2025 6:24	15.04	45.85	BuildingA_Floor2	TypeA
1049	4/4/2025 7:14	16.48	39.72	BuildingA_Floor2	TypeC
1025	4/6/2025 13:32	31.26	42.57	BuildingA_Floor2	TypeA
1053	4/6/2025 8:55	17.7	40.05	BuildingB_Floor2	TypeA
1038	4/4/2025 14:47	18.88	65.54	BuildingA_Floor2	TypeB
1093	4/4/2025 23:05	19.87	72.89	BuildingB_Floor1	TypeA
1049	4/7/2025 5:53	21.72	50.37	BuildingB_Floor2	TypeA
1061	4/4/2025 5:52	24.28	48.76	BuildingB_Floor2	TypeB
1073	4/5/2025 7:41	23.06	52.06	BuildingB_Floor1	TypeB
1035	4/4/2025 14:13	17.8	35.12	BuildingA_Floor2	TypeA
1099	4/5/2025 7:28	24.5	46.8	BuildingA_Floor1	TypeA
1100	4/4/2025 14:18	31	68.03	BuildingB_Floor1	TypeB
1065	4/3/2025 13:04	21.15	51.15	BuildingB_Floor1	TypeC
1037	4/3/2025 11:23	18.91	52.14	BuildingB_Floor1	TypeC
1045	4/7/2025 16:42	27.23	64.7	BuildingA_Floor1	TypeA
1082	4/4/2025 4:13	17.88	40.64	BuildingA_Floor2	TypeA
1057	4/5/2025 16:15	23.44	44.29	BuildingA_Floor1	TypeA
1044	4/4/2025 12:32	32.51	62.24	BuildingA_Floor1	TypeA
1048	4/3/2025 0:07	30.96	30.26	BuildingA_Floor1	TypeB
1097	4/4/2025 10:42	28.87	53.99	BuildingA_Floor2	TypeC
1037	4/7/2025 1:58	28.72	46.46	BuildingA_Floor1	TypeC
1095	4/7/2025 4:10	21.86	49.71	BuildingB_Floor2	TypeA
1054	4/4/2025 0:44	15.61	66.76	BuildingA_Floor2	TypeA
1100	4/6/2025 8:13	34.63	70.19	BuildingB_Floor2	TypeC
1034	4/5/2025 18:57	20.83	66.79	BuildingA_Floor1	TypeB
1040	4/4/2025 18:20	16.9	39.6	BuildingA_Floor2	TypeC
1003	4/5/2025 13:12	33.05	63.32	BuildingA_Floor2	TypeB
1089	4/7/2025 19:47	25.01	58.81	BuildingB_Floor1	TypeA
1016	4/2/2025 23:02	30.04	72.75	BuildingA_Floor2	TypeC
1002	4/3/2025 22:45	33.37	34.98	BuildingB_Floor1	TypeA
1040	4/7/2025 5:44	33.02	33.97	BuildingB_Floor2	TypeB
1089	4/4/2025 7:50	16.9	39.97	BuildingB_Floor2	TypeB
1041	4/6/2025 3:00	18.7	40.03	BuildingA_Floor1	TypeC
1087	4/5/2025 2:47	33.75	75.67	BuildingA_Floor2	TypeB
1006	4/3/2025 18:18	33.04	64.39	BuildingB_Floor2	TypeC
1061	4/3/2025 10:31	19.88	51.99	BuildingA_Floor2	TypeA
1080	4/4/2025 9:28	33.1	39.41	BuildingA_Floor2	TypeA
1053	4/4/2025 6:42	25.96	78.64	BuildingA_Floor2	TypeA
1051	4/5/2025 2:16	23.31	71.28	BuildingA_Floor2	TypeB
1050	4/5/2025 3:17	32.64	59.28	BuildingA_Floor2	TypeB
1085	4/5/2025 18:42	34.68	79.26	BuildingA_Floor1	TypeA
1012	4/6/2025 8:04	20.08	58.32	BuildingB_Floor2	TypeA
1034	4/3/2025 6:26	17.85	70.96	BuildingA_Floor1	TypeC
1096	4/5/2025 11:59	23.56	61.93	BuildingB_Floor1	TypeC
1062	4/7/2025 12:21	26.28	45.9	BuildingA_Floor2	TypeC
1051	4/6/2025 8:02	29.37	65.12	BuildingA_Floor1	TypeB
1030	4/5/2025 22:00	18.45	34.06	BuildingB_Floor2	TypeC
1011	4/5/2025 11:01	29.76	60.07	BuildingA_Floor2	TypeC
1032	4/5/2025 14:00	26.25	69.65	BuildingA_Floor1	TypeC
1086	4/6/2025 13:56	20.49	61.16	BuildingA_Floor2	TypeC
1096	4/7/2025 6:53	16.15	70.74	BuildingA_Floor1	TypeB
1094	4/4/2025 10:33	28.21	74.76	BuildingB_Floor2	TypeB
1074	4/5/2025 1:29	30.58	74.47	BuildingA_Floor2	TypeA
1029	4/5/2025 14:51	30.45	76.38	BuildingB_Floor2	TypeA
1009	4/5/2025 15:13	27.3	49.64	BuildingA_Floor1	TypeA
1029	4/6/2025 14:49	33.42	65.8	BuildingB_Floor1	TypeA
1081	4/6/2025 17:23	28.9	72.42	BuildingA_Floor1	TypeA
1040	4/5/2025 7:22	24.07	51.55	BuildingA_Floor2	TypeB
1007	4/6/2025 7:38	22.55	68.44	BuildingA_Floor2	TypeA
1010	4/4/2025 22:14	16.92	73.64	BuildingB_Floor1	TypeA
1020	4/3/2025 13:46	29.04	48.61	BuildingA_Floor1	TypeA
1086	4/3/2025 7:39	33.28	40.1	BuildingA_Floor1	TypeA
1078	4/5/2025 17:51	20.07	62.65	BuildingB_Floor2	TypeA
1019	4/5/2025 16:39	20.27	63.14	BuildingA_Floor1	TypeC
1034	4/6/2025 8:00	26.65	52.07	BuildingA_Floor1	TypeA
1000	4/5/2025 1:39	29.14	50.28	BuildingA_Floor2	TypeB
1002	4/5/2025 22:33	22.74	71.01	BuildingB_Floor1	TypeB
1090	4/4/2025 3:23	20.24	79.21	BuildingA_Floor2	TypeC
1023	4/3/2025 22:59	22.07	61.64	BuildingB_Floor1	TypeB
1018	4/5/2025 4:51	21.11	64.43	BuildingA_Floor1	TypeB
1087	4/5/2025 20:10	18.08	31.21	BuildingA_Floor2	TypeB
1044	4/5/2025 23:00	23.23	30.99	BuildingA_Floor1	TypeC
1078	4/3/2025 19:17	26.68	40.8	BuildingA_Floor1	TypeC
1033	4/7/2025 4:45	34.99	71.72	BuildingA_Floor2	TypeC
1015	4/4/2025 5:42	34.83	66.26	BuildingB_Floor2	TypeC
1035	4/5/2025 11:20	18.28	65.72	BuildingB_Floor1	TypeB
1023	4/5/2025 15:29	34.19	45.47	BuildingB_Floor1	TypeC
1015	4/6/2025 3:15	21.35	57.05	BuildingA_Floor1	TypeB
1027	4/5/2025 7:34	16.02	43.76	BuildingB_Floor2	TypeC
1091	4/6/2025 13:08	30.64	74.63	BuildingA_Floor1	TypeA
1013	4/6/2025 14:42	33.39	38.75	BuildingB_Floor2	TypeA
1084	4/4/2025 19:33	33.47	43.32	BuildingB_Floor2	TypeB
1078	4/7/2025 4:33	34.39	38.94	BuildingA_Floor2	TypeC
1019	4/4/2025 23:51	16.66	74.27	BuildingB_Floor1	TypeB
1092	4/4/2025 3:13	29.02	78.69	BuildingB_Floor1	TypeA
1094	4/3/2025 18:00	34.81	41.85	BuildingA_Floor1	TypeC
1018	4/7/2025 7:54	30.28	52.89	BuildingB_Floor2	TypeB
1031	4/5/2025 20:48	15.6	49.63	BuildingA_Floor2	TypeA
1021	4/7/2025 6:51	31.38	31.17	BuildingB_Floor2	TypeC
1066	4/4/2025 5:42	16.71	34.34	BuildingA_Floor2	TypeB
1038	4/3/2025 1:01	19.08	57.74	BuildingB_Floor2	TypeA
1077	4/3/2025 5:29	22.76	30.91	BuildingA_Floor1	TypeC
1044	4/3/2025 8:21	19.63	30.99	BuildingA_Floor1	TypeB
1003	4/4/2025 8:52	22.11	65	BuildingB_Floor2	TypeC
1037	4/3/2025 3:17	15.45	78.42	BuildingB_Floor1	TypeA
1005	4/7/2025 1:49	25.89	52.14	BuildingA_Floor2	TypeB
1039	4/7/2025 5:45	30.45	38.47	BuildingB_Floor2	TypeC
1095	4/4/2025 0:50	24.14	31.26	BuildingB_Floor2	TypeC
1002	4/3/2025 6:35	18.83	33.21	BuildingB_Floor2	TypeB
1058	4/5/2025 9:22	18.53	77.36	BuildingB_Floor2	TypeB
1077	4/3/2025 22:44	17.18	62.66	BuildingB_Floor2	TypeB
1000	4/7/2025 0:09	30.52	60.28	BuildingA_Floor1	TypeA
1099	4/3/2025 12:51	23.43	56.61	BuildingA_Floor2	TypeB
1024	4/6/2025 15:40	19.92	56.54	BuildingA_Floor1	TypeC
1064	4/7/2025 18:38	15.65	59.81	BuildingA_Floor1	TypeC
1073	4/4/2025 0:13	32.61	61.15	BuildingA_Floor2	TypeC
1086	4/3/2025 15:33	27.37	64.6	BuildingB_Floor2	TypeA
1045	4/5/2025 2:10	21.14	69.96	BuildingA_Floor1	TypeC
1021	4/3/2025 14:23	15.05	55.42	BuildingB_Floor1	TypeC
1025	4/4/2025 8:19	26.64	57.83	BuildingB_Floor1	TypeB
1091	4/4/2025 17:47	27.59	77.08	BuildingB_Floor2	TypeC
1043	4/4/2025 5:51	22.76	59.71	BuildingA_Floor2	TypeB
1025	4/7/2025 9:27	23.66	78.95	BuildingB_Floor1	TypeC
1096	4/7/2025 11:00	25.73	51.51	BuildingB_Floor2	TypeB
1032	4/5/2025 9:33	16.12	36.88	BuildingA_Floor2	TypeA
1035	4/6/2025 0:49	34.55	58.56	BuildingA_Floor2	TypeA
1039	4/5/2025 20:54	28.15	73.65	BuildingB_Floor2	TypeB
1051	4/5/2025 0:16	23.99	67.91	BuildingA_Floor2	TypeA
1060	4/7/2025 14:50	29.47	44.95	BuildingB_Floor2	TypeC
1092	4/4/2025 3:34	24.95	76.44	BuildingA_Floor2	TypeA
1067	4/7/2025 1:26	22.01	55.13	BuildingA_Floor1	TypeC
1030	4/6/2025 10:33	15.85	43.82	BuildingB_Floor1	TypeB
1074	4/3/2025 21:39	27.05	61.12	BuildingB_Floor2	TypeA
1040	4/5/2025 11:52	28.55	52.88	BuildingB_Floor1	TypeA
1069	4/7/2025 13:19	28.45	76.49	BuildingB_Floor1	TypeA
1071	4/3/2025 2:35	21.1	39.01	BuildingB_Floor1	TypeA
1038	4/6/2025 14:46	25.05	54.17	BuildingB_Floor1	TypeA
1087	4/4/2025 0:29	20.97	52.85	BuildingA_Floor1	TypeC
1090	4/3/2025 5:37	15.31	50.18	BuildingA_Floor1	TypeA
1034	4/4/2025 15:05	32.44	40.5	BuildingB_Floor1	TypeB
1037	4/7/2025 10:51	20.36	63.94	BuildingB_Floor1	TypeC
1007	4/5/2025 22:06	24	59.54	BuildingB_Floor2	TypeC
1006	4/5/2025 8:05	20.41	48.9	BuildingA_Floor1	TypeC
1009	4/7/2025 0:03	27.58	76.84	BuildingA_Floor2	TypeC
1035	4/7/2025 11:28	31.81	78.94	BuildingA_Floor2	TypeC
1007	4/5/2025 16:24	34.86	40.09	BuildingB_Floor1	TypeA
1072	4/5/2025 1:20	27	69.48	BuildingA_Floor1	TypeC
