sensor_id,timestamp,temperature,humidity,location,sensor_type
1077,2025-04-09 03:50:03,15.13,65.05,BuildingA_Floor2,TypeB
1075,2025-04-10 01:15:09,34.07,59.45,BuildingA_Floor2,TypeB
1022,2025-04-09 09:54:24,17.73,48.58,BuildingB_Floor2,TypeA
1085,2025-04-12 07:06:53,24.68,63.56,BuildingB_Floor2,TypeC
1067,2025-04-11 07:34:07,28.33,50.21,BuildingB_Floor1,TypeC
1090,2025-04-11 02:33:37,19.94,49.02,BuildingB_Floor2,TypeB
1070,2025-04-12 09:01:41,22.29,36.3,BuildingB_Floor1,TypeA
1095,2025-04-09 19:07:36,26.75,62.32,BuildingA_Floor1,TypeB
1046,2025-04-11 20:08:19,27.77,57.03,BuildingA_Floor2,TypeB
1057,2025-04-13 20:34:47,30.63,59.55,BuildingA_Floor1,TypeC
1076,2025-04-10 18:51:30,25.37,55.76,BuildingB_Floor1,TypeC
1030,2025-04-10 00:27:54,27.9,52.39,BuildingA_Floor2,TypeC
1064,2025-04-13 08:30:13,34.22,73.17,BuildingB_Floor1,TypeC
1024,2025-04-11 06:38:13,27.81,40.97,BuildingB_Floor2,TypeA
1031,2025-04-11 22:29:43,25.31,54.77,BuildingA_Floor1,TypeA
1018,2025-04-12 21:57:45,21.61,60.95,BuildingA_Floor2,TypeB
1027,2025-04-09 19:27:36,24.96,59.37,BuildingA_Floor1,TypeB
1039,2025-04-11 10:49:15,28.04,70.55,BuildingA_Floor1,TypeA
1047,2025-04-09 01:15:44,29.86,49.13,BuildingA_Floor2,TypeB
1040,2025-04-10 21:56:54,32.4,41.62,BuildingA_Floor2,TypeA
1046,2025-04-11 15:32:25,16.68,69.9,BuildingA_Floor2,TypeB
1088,2025-04-12 17:32:39,34.95,53.28,BuildingA_Floor1,TypeA
1039,2025-04-11 08:41:57,26.05,78.47,BuildingB_Floor2,TypeC
1081,2025-04-11 01:29:15,18.51,61.0,BuildingA_Floor1,TypeC
1069,2025-04-13 14:14:56,21.61,69.38,BuildingA_Floor1,TypeC
1040,2025-04-12 17:36:55,28.35,72.47,BuildingB_Floor1,TypeA
1007,2025-04-10 09:03:38,24.57,77.54,BuildingA_Floor1,TypeB
1090,2025-04-12 10:41:44,31.55,33.73,BuildingA_Floor1,TypeC
1035,2025-04-11 09:54:25,22.85,77.49,BuildingA_Floor1,TypeA
1053,2025-04-13 07:37:07,15.23,59.9,BuildingB_Floor1,TypeB
1069,2025-04-11 16:38:19,26.69,60.61,BuildingB_Floor2,TypeC
1037,2025-04-12 04:10:02,30.0,53.92,BuildingA_Floor1,TypeA
1078,2025-04-10 19:30:45,27.61,58.49,BuildingB_Floor1,TypeB
1014,2025-04-13 11:15:30,22.78,75.39,BuildingA_Floor1,TypeC
1088,2025-04-13 06:52:58,26.43,40.67,BuildingB_Floor2,TypeA
1064,2025-04-09 08:52:47,32.12,68.51,BuildingA_Floor2,TypeB
1089,2025-04-11 01:55:59,28.31,78.98,BuildingA_Floor1,TypeA
1085,2025-04-11 11:45:14,20.57,34.94,BuildingB_Floor2,TypeC
1076,2025-04-11 08:06:38,31.15,63.92,BuildingB_Floor1,TypeC
1053,2025-04-13 23:28:05,28.45,44.58,BuildingA_Floor1,TypeB
1041,2025-04-13 05:25:05,32.87,57.91,BuildingA_Floor1,TypeB
1027,2025-04-10 14:43:11,23.27,37.34,BuildingB_Floor2,TypeA
1063,2025-04-12 08:24:51,17.87,61.75,BuildingB_Floor1,TypeB
1091,2025-04-09 07:12:55,32.94,51.0,BuildingA_Floor2,TypeB
1021,2025-04-13 07:06:52,32.84,61.35,BuildingB_Floor2,TypeC
1037,2025-04-09 23:02:03,31.01,79.96,BuildingB_Floor2,TypeC
1015,2025-04-10 23:08:52,20.81,68.97,BuildingA_Floor1,TypeA
1087,2025-04-09 00:36:46,17.51,52.55,BuildingB_Floor1,TypeC
1053,2025-04-09 12:57:20,27.02,54.83,BuildingB_Floor1,TypeA
1020,2025-04-13 06:12:05,33.66,40.92,BuildingA_Floor2,TypeC
1063,2025-04-10 15:26:05,30.1,48.77,BuildingB_Floor1,TypeA
1094,2025-04-12 13:00:38,18.47,77.16,BuildingA_Floor1,TypeC
1014,2025-04-10 21:53:39,34.54,65.0,BuildingB_Floor2,TypeC
1095,2025-04-13 18:29:32,34.46,66.13,BuildingB_Floor2,TypeC
1025,2025-04-09 06:15:46,21.14,30.78,BuildingA_Floor1,TypeC
1060,2025-04-11 08:02:22,20.46,67.67,BuildingA_Floor2,TypeA
1036,2025-04-12 08:34:14,18.82,51.46,BuildingA_Floor2,TypeB
1056,2025-04-12 09:58:49,20.73,34.86,BuildingA_Floor2,TypeC
1002,2025-04-10 03:30:50,33.51,72.98,BuildingB_Floor2,TypeC
1056,2025-04-12 03:26:59,24.78,69.8,BuildingA_Floor1,TypeC
1033,2025-04-11 16:17:44,19.26,77.34,BuildingA_Floor2,TypeB
1027,2025-04-13 12:10:53,20.07,59.5,BuildingB_Floor1,TypeB
1007,2025-04-09 21:59:51,32.58,42.46,BuildingA_Floor1,TypeA
1077,2025-04-09 16:14:30,20.8,32.98,BuildingA_Floor2,TypeC
1040,2025-04-09 21:06:07,24.79,37.34,BuildingB_Floor1,TypeB
1096,2025-04-09 14:30:18,33.28,55.28,BuildingA_Floor1,TypeA
1019,2025-04-12 01:08:29,18.84,33.28,BuildingB_Floor2,TypeA
1081,2025-04-12 05:16:38,29.23,68.09,BuildingA_Floor1,TypeB
1068,2025-04-11 18:56:00,18.27,65.96,BuildingA_Floor1,TypeB
1094,2025-04-11 09:44:07,32.94,38.8,BuildingA_Floor2,TypeC
1040,2025-04-13 16:34:29,21.7,31.57,BuildingB_Floor2,TypeA
1000,2025-04-13 01:48:32,20.1,65.63,BuildingB_Floor2,TypeC
1060,2025-04-09 00:47:02,34.79,43.03,BuildingB_Floor1,TypeC
1003,2025-04-12 11:21:44,21.01,73.05,BuildingA_Floor2,TypeC
1021,2025-04-09 00:53:32,26.79,69.75,BuildingB_Floor1,TypeC
1070,2025-04-13 11:53:45,28.83,72.42,BuildingB_Floor2,TypeA
1038,2025-04-13 02:19:24,25.82,51.42,BuildingA_Floor1,TypeC
1084,2025-04-09 04:46:10,18.92,48.06,BuildingB_Floor1,TypeB
1066,2025-04-12 06:16:06,33.64,77.26,BuildingB_Floor1,TypeB
1082,2025-04-14 00:09:20,19.02,72.42,BuildingB_Floor2,TypeB
1087,2025-04-12 12:51:02,16.72,70.54,BuildingB_Floor1,TypeC
1036,2025-04-12 09:11:36,23.18,64.27,BuildingB_Floor2,TypeA
1004,2025-04-12 23:57:06,28.56,56.01,BuildingA_Floor2,TypeC
1084,2025-04-12 11:37:49,19.86,79.52,BuildingB_Floor2,TypeC
1053,2025-04-13 22:31:47,32.46,34.43,BuildingA_Floor1,TypeB
1020,2025-04-13 13:20:26,27.58,53.78,BuildingA_Floor1,TypeA
1029,2025-04-09 00:33:25,33.43,75.16,BuildingB_Floor2,TypeB
1058,2025-04-12 21:10:07,25.97,48.38,BuildingA_Floor2,TypeC
1023,2025-04-10 23:10:59,16.77,64.5,BuildingB_Floor1,TypeC
1037,2025-04-12 21:43:26,26.77,69.19,BuildingB_Floor2,TypeC
1005,2025-04-13 11:36:52,23.27,52.51,BuildingA_Floor1,TypeA
1027,2025-04-13 19:49:57,15.86,39.87,BuildingB_Floor2,TypeB
1036,2025-04-10 05:04:49,26.82,50.54,BuildingB_Floor1,TypeA
1061,2025-04-09 10:45:19,17.62,62.95,BuildingA_Floor1,TypeA
1026,2025-04-11 18:18:22,31.86,53.29,BuildingB_Floor1,TypeB
1019,2025-04-12 06:29:32,22.69,59.7,BuildingA_Floor1,TypeB
1022,2025-04-13 05:43:00,18.3,44.43,BuildingB_Floor2,TypeA
1054,2025-04-11 11:04:30,23.86,43.22,BuildingA_Floor2,TypeC
1080,2025-04-12 16:02:08,34.56,40.01,BuildingA_Floor1,TypeB
1040,2025-04-09 23:49:38,23.47,40.19,BuildingB_Floor2,TypeC
1099,2025-04-12 18:32:38,31.0,49.15,BuildingA_Floor2,TypeA
1046,2025-04-09 12:44:27,28.22,44.45,BuildingA_Floor1,TypeC
1048,2025-04-12 06:38:01,30.33,75.22,BuildingA_Floor2,TypeB
1021,2025-04-10 23:49:01,23.41,58.25,BuildingA_Floor2,TypeC
1000,2025-04-11 05:25:52,31.04,45.58,BuildingA_Floor1,TypeA
1052,2025-04-12 04:32:11,21.7,56.81,BuildingB_Floor2,TypeA
1082,2025-04-09 16:10:30,21.47,37.21,BuildingB_Floor1,TypeC
1070,2025-04-12 08:30:23,20.94,30.29,BuildingA_Floor1,TypeA
1075,2025-04-10 13:54:42,24.07,34.96,BuildingB_Floor1,TypeC
1030,2025-04-09 22:12:01,30.72,48.75,BuildingA_Floor2,TypeA
1009,2025-04-10 03:44:53,21.93,43.65,BuildingB_Floor1,TypeC
1053,2025-04-11 05:17:50,33.36,49.32,BuildingA_Floor2,TypeB
1065,2025-04-12 10:02:46,24.17,62.39,BuildingB_Floor2,TypeA
1100,2025-04-12 19:18:10,29.42,77.98,BuildingB_Floor1,TypeA
1094,2025-04-12 08:52:58,26.91,52.54,BuildingB_Floor2,TypeB
1030,2025-04-10 22:03:18,20.66,62.5,BuildingB_Floor2,TypeB
1046,2025-04-13 17:59:27,34.58,60.54,BuildingA_Floor1,TypeA
1061,2025-04-13 20:13:46,16.48,36.77,BuildingA_Floor1,TypeB
1079,2025-04-12 22:21:09,25.79,37.62,BuildingA_Floor2,TypeB
1079,2025-04-13 00:41:21,21.33,43.31,BuildingB_Floor1,TypeB
1087,2025-04-13 00:25:42,30.05,31.76,BuildingA_Floor2,TypeA
1091,2025-04-13 02:41:33,27.89,38.32,BuildingB_Floor1,TypeB
1015,2025-04-10 06:08:20,20.38,79.85,BuildingA_Floor1,TypeA
1006,2025-04-09 00:59:48,34.5,57.01,BuildingA_Floor2,TypeC
1097,2025-04-12 10:16:23,25.56,46.08,BuildingA_Floor1,TypeB
1005,2025-04-12 12:48:49,30.16,79.85,BuildingA_Floor1,TypeC
1062,2025-04-12 23:52:20,25.6,41.0,BuildingB_Floor2,TypeA
1018,2025-04-12 13:18:44,22.67,44.43,BuildingA_Floor2,TypeA
1065,2025-04-09 20:03:03,26.13,51.77,BuildingA_Floor2,TypeA
1026,2025-04-10 14:33:37,21.78,50.72,BuildingB_Floor1,TypeC
1081,2025-04-09 20:28:17,25.75,40.82,BuildingA_Floor2,TypeA
1006,2025-04-11 23:47:58,27.65,52.42,BuildingB_Floor1,TypeA
1089,2025-04-12 07:26:57,27.51,62.57,BuildingA_Floor1,TypeC
1073,2025-04-12 13:36:22,31.78,58.2,BuildingA_Floor1,TypeB
1099,2025-04-12 19:12:19,31.98,51.32,BuildingB_Floor2,TypeB
1017,2025-04-09 15:15:47,26.92,74.66,BuildingA_Floor1,TypeA
1078,2025-04-09 06:39:41,31.55,40.97,BuildingB_Floor2,TypeB
1042,2025-04-13 16:41:50,23.48,72.54,BuildingB_Floor1,TypeA
1021,2025-04-12 15:37:05,30.13,55.09,BuildingA_Floor2,TypeB
1037,2025-04-11 14:24:21,18.4,42.77,BuildingB_Floor1,TypeC
1074,2025-04-11 14:42:04,30.63,56.67,BuildingB_Floor1,TypeC
1081,2025-04-13 00:21:16,32.58,71.41,BuildingB_Floor1,TypeB
1084,2025-04-12 06:41:20,32.46,53.65,BuildingB_Floor2,TypeA
1065,2025-04-10 16:01:50,33.55,67.38,BuildingB_Floor1,TypeA
1061,2025-04-10 11:46:15,20.94,39.15,BuildingB_Floor1,TypeB
1081,2025-04-11 03:39:44,15.56,51.68,BuildingA_Floor2,TypeB
1041,2025-04-13 08:02:16,20.4,68.93,BuildingB_Floor2,TypeA
1053,2025-04-12 09:37:03,30.06,79.31,BuildingA_Floor1,TypeA
1057,2025-04-13 07:16:33,23.28,64.49,BuildingA_Floor2,TypeC
1099,2025-04-11 03:10:33,23.74,47.79,BuildingB_Floor1,TypeB
1085,2025-04-12 12:14:11,29.72,37.12,BuildingA_Floor1,TypeC
1094,2025-04-09 18:27:03,21.38,54.28,BuildingB_Floor2,TypeC
1012,2025-04-11 18:31:55,26.36,42.94,BuildingB_Floor2,TypeB
1067,2025-04-11 19:42:07,20.34,73.67,BuildingA_Floor1,TypeB
1056,2025-04-12 11:26:21,23.5,71.85,BuildingB_Floor1,TypeB
1067,2025-04-13 10:21:42,28.26,59.28,BuildingB_Floor1,TypeB
1023,2025-04-10 11:19:40,31.59,54.46,BuildingA_Floor1,TypeC
1073,2025-04-12 04:14:00,16.64,61.55,BuildingB_Floor1,TypeB
1007,2025-04-12 13:50:34,24.28,46.62,BuildingB_Floor2,TypeC
1092,2025-04-10 23:55:59,33.49,34.04,BuildingA_Floor2,TypeB
1049,2025-04-11 04:20:57,26.17,36.42,BuildingB_Floor1,TypeA
1053,2025-04-09 12:10:30,26.81,77.56,BuildingB_Floor2,TypeC
1059,2025-04-12 23:06:58,23.44,79.46,BuildingB_Floor2,TypeB
1075,2025-04-09 13:52:30,34.28,55.44,BuildingB_Floor2,TypeA
1003,2025-04-11 21:18:33,22.03,43.34,BuildingB_Floor1,TypeA
1076,2025-04-11 20:17:37,21.2,52.68,BuildingB_Floor1,TypeC
1082,2025-04-13 23:23:10,29.1,52.66,BuildingA_Floor1,TypeB
1025,2025-04-09 09:16:11,26.2,46.8,BuildingA_Floor2,TypeA
1017,2025-04-10 19:41:23,29.06,51.42,BuildingB_Floor2,TypeC
1049,2025-04-10 15:15:43,19.44,75.34,BuildingB_Floor2,TypeA
1068,2025-04-10 13:57:41,28.08,54.94,BuildingB_Floor1,TypeC
1065,2025-04-11 19:15:06,16.93,49.57,BuildingA_Floor1,TypeA
1096,2025-04-09 05:29:19,34.28,75.89,BuildingB_Floor1,TypeA
1086,2025-04-12 19:43:31,22.38,52.14,BuildingA_Floor2,TypeC
1081,2025-04-14 00:13:46,16.63,34.86,BuildingB_Floor2,TypeA
1076,2025-04-09 07:49:50,26.61,33.32,BuildingA_Floor2,TypeC
1021,2025-04-09 11:28:56,25.84,58.99,BuildingA_Floor1,TypeC
1063,2025-04-11 00:42:40,29.02,56.34,BuildingB_Floor2,TypeC
1027,2025-04-10 11:36:45,18.55,72.0,BuildingA_Floor2,TypeA
1032,2025-04-13 21:20:22,28.21,67.59,BuildingA_Floor2,TypeC
1013,2025-04-11 07:31:24,17.82,50.32,BuildingB_Floor2,TypeC
1032,2025-04-09 06:54:09,19.05,58.04,BuildingA_Floor1,TypeA
1008,2025-04-10 06:24:25,19.98,52.98,BuildingA_Floor2,TypeB
1024,2025-04-12 19:19:08,31.54,62.71,BuildingB_Floor1,TypeB
1098,2025-04-13 14:44:33,32.48,30.38,BuildingB_Floor1,TypeC
1001,2025-04-10 15:16:25,22.31,72.81,BuildingB_Floor1,TypeC
1097,2025-04-12 16:28:20,31.52,48.89,BuildingB_Floor2,TypeA
1100,2025-04-11 04:32:16,28.36,71.9,BuildingA_Floor2,TypeC
1068,2025-04-10 01:55:59,31.63,35.01,BuildingB_Floor1,TypeB
1041,2025-04-10 07:47:47,28.34,60.07,BuildingA_Floor1,TypeB
1061,2025-04-11 16:52:22,26.5,74.01,BuildingA_Floor1,TypeB
1018,2025-04-09 06:17:34,19.45,76.34,BuildingB_Floor2,TypeA
1031,2025-04-13 01:23:12,30.97,61.4,BuildingA_Floor1,TypeA
1014,2025-04-12 20:44:18,30.89,69.36,BuildingA_Floor2,TypeC
1009,2025-04-13 07:23:20,22.16,79.26,BuildingB_Floor2,TypeA
1004,2025-04-11 15:59:48,20.75,67.7,BuildingA_Floor1,TypeC
1058,2025-04-09 09:09:46,19.71,71.6,BuildingA_Floor1,TypeA
1049,2025-04-13 05:25:41,31.68,61.56,BuildingA_Floor2,TypeA
1072,2025-04-12 04:50:08,19.77,50.74,BuildingB_Floor2,TypeB
1020,2025-04-11 20:52:20,21.59,37.23,BuildingA_Floor2,TypeA
1016,2025-04-10 01:36:25,27.41,73.82,BuildingA_Floor2,TypeC
1085,2025-04-13 14:46:53,22.36,31.58,BuildingA_Floor2,TypeB
1068,2025-04-11 12:47:31,18.64,63.39,BuildingB_Floor1,TypeC
1002,2025-04-13 22:03:28,34.07,44.04,BuildingB_Floor1,TypeA
1013,2025-04-09 09:40:46,18.86,78.5,BuildingB_Floor2,TypeB
1092,2025-04-12 22:03:30,17.11,35.41,BuildingB_Floor2,TypeC
1007,2025-04-13 19:53:50,25.92,77.88,BuildingB_Floor1,TypeC
1037,2025-04-13 04:32:15,34.13,31.29,BuildingB_Floor1,TypeA
1080,2025-04-13 05:42:51,26.82,45.29,BuildingA_Floor1,TypeB
1039,2025-04-10 03:18:20,31.56,49.26,BuildingA_Floor1,TypeC
1046,2025-04-10 13:29:41,21.13,68.52,BuildingB_Floor2,TypeC
1005,2025-04-12 21:13:38,25.53,65.84,BuildingA_Floor1,TypeC
1094,2025-04-12 02:57:53,26.27,58.93,BuildingB_Floor1,TypeB
1089,2025-04-10 07:13:13,28.46,30.3,BuildingB_Floor2,TypeB
1044,2025-04-10 00:39:24,15.04,36.84,BuildingA_Floor1,TypeB
1021,2025-04-09 13:44:24,32.34,44.87,BuildingA_Floor2,TypeB
1022,2025-04-12 00:54:46,22.35,39.59,BuildingA_Floor2,TypeA
1006,2025-04-10 08:54:20,24.44,62.98,BuildingB_Floor1,TypeB
1059,2025-04-09 09:11:19,29.58,45.74,BuildingA_Floor1,TypeB
1022,2025-04-10 06:16:34,19.81,74.7,BuildingA_Floor2,TypeC
1030,2025-04-09 20:31:29,27.63,57.18,BuildingA_Floor1,TypeA
1030,2025-04-13 13:35:16,32.65,38.11,BuildingA_Floor1,TypeC
1050,2025-04-09 17:10:08,33.81,45.12,BuildingA_Floor1,TypeC
1067,2025-04-12 21:14:41,34.14,45.12,BuildingB_Floor1,TypeC
1041,2025-04-11 04:18:30,15.32,69.56,BuildingA_Floor1,TypeC
1000,2025-04-12 03:33:58,17.27,41.9,BuildingA_Floor1,TypeC
1000,2025-04-09 15:24:13,15.69,36.7,BuildingA_Floor1,TypeB
1079,2025-04-12 02:39:53,19.12,49.03,BuildingB_Floor2,TypeA
1056,2025-04-11 05:48:40,29.79,64.06,BuildingA_Floor1,TypeB
1048,2025-04-12 19:56:49,28.34,54.46,BuildingB_Floor1,TypeB
1044,2025-04-11 11:28:34,15.12,44.41,BuildingA_Floor2,TypeC
1080,2025-04-09 18:20:45,33.24,55.96,BuildingA_Floor1,TypeB
1036,2025-04-11 04:40:11,34.65,67.73,BuildingB_Floor2,TypeA
1024,2025-04-10 20:10:38,30.03,56.14,BuildingA_Floor2,TypeA
1099,2025-04-10 01:31:03,15.38,52.88,BuildingA_Floor1,TypeB
1047,2025-04-13 16:27:15,27.56,60.32,BuildingA_Floor1,TypeA
1083,2025-04-11 08:47:46,24.57,31.77,BuildingA_Floor1,TypeA
1000,2025-04-10 07:00:13,27.37,55.78,BuildingB_Floor2,TypeA
1090,2025-04-09 09:22:02,31.83,30.42,BuildingB_Floor2,TypeC
1052,2025-04-11 16:56:14,32.83,36.89,BuildingA_Floor1,TypeB
1026,2025-04-10 07:47:55,33.9,66.31,BuildingB_Floor2,TypeB
1099,2025-04-10 04:40:21,32.27,77.51,BuildingB_Floor2,TypeB
1040,2025-04-12 03:53:18,25.67,68.97,BuildingA_Floor1,TypeB
1079,2025-04-09 23:36:50,31.77,54.07,BuildingB_Floor1,TypeA
1001,2025-04-12 01:42:41,29.3,76.02,BuildingA_Floor2,TypeC
1028,2025-04-10 21:59:22,26.83,52.63,BuildingB_Floor2,TypeA
1017,2025-04-09 23:14:15,25.19,52.23,BuildingA_Floor2,TypeB
1080,2025-04-13 15:29:43,17.4,42.14,BuildingA_Floor1,TypeC
1027,2025-04-11 16:42:48,27.85,49.09,BuildingB_Floor1,TypeB
1007,2025-04-12 13:08:20,26.49,65.49,BuildingB_Floor1,TypeB
1096,2025-04-09 21:09:09,29.28,41.34,BuildingA_Floor1,TypeC
1061,2025-04-09 09:05:06,31.27,53.26,BuildingA_Floor2,TypeB
1096,2025-04-09 08:22:59,23.63,30.03,BuildingA_Floor2,TypeB
1038,2025-04-10 12:27:16,28.51,70.79,BuildingB_Floor1,TypeC
1015,2025-04-12 23:50:50,19.74,71.28,BuildingA_Floor2,TypeB
1028,2025-04-09 18:09:17,25.79,63.99,BuildingB_Floor2,TypeB
1064,2025-04-11 15:44:07,23.46,41.59,BuildingA_Floor1,TypeA
1017,2025-04-13 17:12:26,23.9,76.49,BuildingB_Floor2,TypeC
1099,2025-04-12 00:48:14,15.07,78.15,BuildingA_Floor2,TypeB
1067,2025-04-09 10:26:16,19.07,68.04,BuildingA_Floor1,TypeB
1100,2025-04-10 10:14:07,19.87,48.49,BuildingB_Floor2,TypeA
1044,2025-04-13 18:50:06,18.21,67.89,BuildingA_Floor2,TypeA
1049,2025-04-10 23:01:07,22.3,66.9,BuildingA_Floor1,TypeC
1094,2025-04-12 10:20:51,24.39,41.91,BuildingB_Floor2,TypeA
1073,2025-04-10 11:31:06,22.58,62.0,BuildingB_Floor2,TypeC
1031,2025-04-13 17:50:19,28.09,37.74,BuildingA_Floor2,TypeC
1037,2025-04-11 13:49:21,27.19,50.57,BuildingA_Floor2,TypeA
1055,2025-04-12 04:51:55,15.09,62.25,BuildingA_Floor2,TypeB
1021,2025-04-11 13:51:19,34.91,30.9,BuildingB_Floor2,TypeB
1065,2025-04-12 02:17:29,26.82,69.81,BuildingA_Floor2,TypeA
1043,2025-04-09 12:46:37,17.71,43.24,BuildingA_Floor2,TypeA
1081,2025-04-09 11:42:10,31.01,30.85,BuildingB_Floor1,TypeA
1013,2025-04-11 00:58:37,23.77,38.58,BuildingB_Floor2,TypeB
1076,2025-04-09 07:54:36,20.12,49.0,BuildingB_Floor1,TypeA
1053,2025-04-09 01:03:57,34.69,47.07,BuildingA_Floor2,TypeC
1058,2025-04-10 23:46:37,21.46,49.44,BuildingB_Floor2,TypeC
1021,2025-04-10 23:16:57,15.09,49.7,BuildingB_Floor1,TypeC
1044,2025-04-12 16:32:28,27.41,44.78,BuildingB_Floor2,TypeA
1038,2025-04-13 00:21:35,18.04,79.58,BuildingA_Floor2,TypeB
1054,2025-04-13 16:33:30,18.71,32.23,BuildingA_Floor1,TypeC
1088,2025-04-09 13:39:34,30.44,50.66,BuildingB_Floor1,TypeB
1022,2025-04-09 09:06:51,28.37,37.38,BuildingA_Floor1,TypeC
1041,2025-04-12 01:46:19,21.75,33.29,BuildingA_Floor2,TypeA
1019,2025-04-11 11:56:19,17.44,42.34,BuildingB_Floor1,TypeB
1026,2025-04-11 00:12:47,31.53,44.16,BuildingB_Floor2,TypeA
1070,2025-04-10 03:05:36,34.51,47.24,BuildingB_Floor1,TypeC
1026,2025-04-10 19:08:16,33.95,75.85,BuildingA_Floor2,TypeC
1028,2025-04-09 04:13:11,17.82,70.59,BuildingB_Floor2,TypeB
1072,2025-04-09 03:02:12,23.88,70.59,BuildingA_Floor1,TypeB
1063,2025-04-12 21:40:01,33.27,76.4,BuildingB_Floor1,TypeC
1053,2025-04-10 06:20:42,21.69,33.0,BuildingB_Floor2,TypeA
1044,2025-04-10 14:32:32,17.2,68.0,BuildingA_Floor2,TypeC
1008,2025-04-10 13:11:10,19.6,72.7,BuildingA_Floor1,TypeA
1011,2025-04-09 05:45:55,25.38,78.31,BuildingA_Floor2,TypeC
1084,2025-04-10 03:17:30,27.88,55.62,BuildingB_Floor1,TypeB
1067,2025-04-09 18:38:49,16.61,39.19,BuildingB_Floor1,TypeA
1051,2025-04-11 16:17:50,25.26,31.67,BuildingA_Floor1,TypeA
1068,2025-04-11 00:27:08,22.28,64.74,BuildingB_Floor2,TypeA
1005,2025-04-11 03:42:38,18.9,75.38,BuildingA_Floor1,TypeB
1046,2025-04-12 06:11:31,33.52,70.42,BuildingB_Floor1,TypeC
1092,2025-04-09 12:10:18,32.7,79.79,BuildingB_Floor1,TypeB
1073,2025-04-10 22:29:34,23.05,52.92,BuildingB_Floor2,TypeA
1018,2025-04-13 22:11:44,20.75,59.25,BuildingA_Floor1,TypeC
1047,2025-04-12 01:07:36,21.75,30.83,BuildingB_Floor1,TypeB
1042,2025-04-11 14:56:28,26.9,63.0,BuildingA_Floor2,TypeA
1017,2025-04-13 11:44:12,23.25,61.0,BuildingA_Floor1,TypeA
1082,2025-04-14 00:28:00,34.39,69.64,BuildingA_Floor1,TypeA
1002,2025-04-10 22:35:52,15.62,77.1,BuildingA_Floor2,TypeC
1065,2025-04-11 20:17:25,28.63,73.54,BuildingB_Floor2,TypeA
1043,2025-04-13 03:00:15,29.34,62.09,BuildingB_Floor1,TypeA
1007,2025-04-11 15:23:45,28.49,77.9,BuildingB_Floor1,TypeC
1024,2025-04-10 12:39:09,31.65,44.31,BuildingB_Floor2,TypeB
1047,2025-04-11 09:42:49,28.16,57.11,BuildingB_Floor2,TypeC
1036,2025-04-12 14:46:16,17.42,59.94,BuildingB_Floor1,TypeC
1018,2025-04-10 00:01:01,21.73,48.31,BuildingB_Floor2,TypeA
1090,2025-04-09 23:35:05,17.31,56.97,BuildingB_Floor2,TypeA
1041,2025-04-09 14:19:32,24.73,58.19,BuildingB_Floor1,TypeB
1063,2025-04-11 13:58:27,26.32,65.4,BuildingA_Floor1,TypeB
1099,2025-04-13 05:08:18,17.27,42.92,BuildingA_Floor2,TypeA
1029,2025-04-09 15:34:24,18.33,49.06,BuildingA_Floor2,TypeC
1084,2025-04-10 06:54:08,15.25,38.14,BuildingB_Floor1,TypeB
1065,2025-04-10 13:25:09,31.7,44.1,BuildingB_Floor1,TypeC
1003,2025-04-12 22:20:31,25.72,62.92,BuildingA_Floor2,TypeB
1014,2025-04-12 21:13:17,20.09,44.71,BuildingA_Floor2,TypeB
1000,2025-04-09 06:12:15,17.25,74.04,BuildingA_Floor2,TypeC
1051,2025-04-09 12:07:22,28.7,31.28,BuildingA_Floor2,TypeC
1068,2025-04-11 18:06:10,30.31,61.04,BuildingB_Floor2,TypeC
1070,2025-04-10 18:54:10,15.0,57.75,BuildingA_Floor2,TypeB
1098,2025-04-12 01:06:23,19.1,68.37,BuildingB_Floor1,TypeB
1089,2025-04-09 10:36:58,20.56,61.16,BuildingA_Floor2,TypeB
1046,2025-04-10 00:30:34,26.57,60.59,BuildingB_Floor1,TypeA
1083,2025-04-09 16:12:23,21.77,54.7,BuildingB_Floor1,TypeC
1084,2025-04-10 11:40:28,22.82,72.33,BuildingA_Floor2,TypeB
1068,2025-04-10 02:11:47,33.77,44.9,BuildingA_Floor2,TypeB
1065,2025-04-11 14:16:52,31.04,69.06,BuildingB_Floor1,TypeB
1034,2025-04-09 21:58:13,21.34,34.18,BuildingA_Floor1,TypeA
1016,2025-04-12 03:17:01,23.84,37.74,BuildingA_Floor1,TypeB
1086,2025-04-13 03:34:46,17.94,71.5,BuildingB_Floor2,TypeA
1080,2025-04-13 00:13:28,20.77,46.92,BuildingA_Floor1,TypeA
1077,2025-04-09 07:40:11,32.27,46.4,BuildingA_Floor1,TypeB
1005,2025-04-09 21:38:07,30.56,37.04,BuildingA_Floor2,TypeB
1029,2025-04-12 09:04:11,34.67,79.51,BuildingB_Floor2,TypeA
1004,2025-04-11 07:52:08,26.04,37.71,BuildingA_Floor2,TypeB
1077,2025-04-11 03:38:30,23.48,57.7,BuildingA_Floor1,TypeA
1081,2025-04-10 02:41:16,17.3,49.71,BuildingA_Floor2,TypeC
1054,2025-04-09 03:12:25,24.99,33.14,BuildingB_Floor1,TypeA
1035,2025-04-11 06:42:32,18.3,68.01,BuildingA_Floor1,TypeC
1051,2025-04-13 08:56:06,24.27,56.06,BuildingA_Floor2,TypeB
1055,2025-04-11 14:44:23,31.97,67.62,BuildingB_Floor2,TypeC
1070,2025-04-13 08:28:13,19.04,71.81,BuildingB_Floor1,TypeA
1063,2025-04-10 18:30:26,33.65,46.24,BuildingB_Floor1,TypeB
1007,2025-04-10 13:40:34,27.28,67.66,BuildingB_Floor2,TypeC
1061,2025-04-13 12:07:21,30.93,51.54,BuildingA_Floor1,TypeB
1080,2025-04-12 13:26:05,26.97,61.26,BuildingA_Floor2,TypeB
1079,2025-04-13 17:12:01,26.35,52.14,BuildingB_Floor2,TypeC
1022,2025-04-11 03:31:44,34.28,37.78,BuildingA_Floor1,TypeA
1016,2025-04-10 16:36:04,28.23,67.44,BuildingB_Floor2,TypeA
1098,2025-04-10 20:34:47,27.58,32.75,BuildingB_Floor1,TypeA
1089,2025-04-13 02:40:31,17.13,69.26,BuildingB_Floor2,TypeC
1070,2025-04-12 07:48:31,19.67,35.98,BuildingA_Floor1,TypeB
1026,2025-04-10 19:56:01,17.86,66.29,BuildingA_Floor2,TypeB
1007,2025-04-11 05:16:17,24.36,61.08,BuildingB_Floor1,TypeA
1082,2025-04-11 19:12:38,25.1,65.68,BuildingB_Floor2,TypeC
1076,2025-04-10 14:19:15,27.77,75.4,BuildingA_Floor2,TypeB
1042,2025-04-13 03:08:47,18.05,43.67,BuildingA_Floor2,TypeA
1072,2025-04-13 06:03:29,32.92,50.86,BuildingB_Floor1,TypeC
1061,2025-04-09 03:10:24,34.02,49.66,BuildingB_Floor2,TypeA
1000,2025-04-12 03:00:09,34.56,54.51,BuildingA_Floor1,TypeA
1021,2025-04-11 12:03:12,31.74,66.8,BuildingA_Floor1,TypeB
1034,2025-04-11 05:21:51,28.36,54.13,BuildingB_Floor1,TypeA
1016,2025-04-12 20:30:29,27.33,46.6,BuildingB_Floor1,TypeC
1046,2025-04-12 19:53:22,19.33,74.33,BuildingB_Floor1,TypeC
1043,2025-04-09 08:52:38,21.56,54.48,BuildingB_Floor1,TypeB
1043,2025-04-13 16:21:51,31.11,34.93,BuildingA_Floor1,TypeB
1047,2025-04-13 05:53:51,16.53,32.27,BuildingB_Floor2,TypeC
1050,2025-04-09 08:31:54,30.09,35.39,BuildingA_Floor2,TypeC
1076,2025-04-11 15:50:52,23.2,56.05,BuildingA_Floor1,TypeC
1004,2025-04-10 02:37:50,32.44,41.47,BuildingA_Floor1,TypeC
1096,2025-04-13 03:48:49,16.91,54.27,BuildingA_Floor2,TypeC
1033,2025-04-11 04:47:57,24.83,38.42,BuildingA_Floor2,TypeC
1056,2025-04-10 21:55:00,25.7,56.46,BuildingA_Floor2,TypeB
1056,2025-04-12 21:13:26,22.87,72.08,BuildingA_Floor2,TypeC
1039,2025-04-13 01:12:15,31.63,39.05,BuildingB_Floor2,TypeC
1036,2025-04-11 05:16:13,27.4,64.8,BuildingB_Floor1,TypeA
1059,2025-04-12 02:28:37,30.99,66.61,BuildingB_Floor1,TypeB
1094,2025-04-13 00:13:40,20.25,77.27,BuildingB_Floor2,TypeC
1073,2025-04-12 02:41:54,21.79,56.88,BuildingA_Floor1,TypeA
1071,2025-04-09 08:20:58,34.97,75.64,BuildingB_Floor1,TypeA
1039,2025-04-12 14:34:57,32.44,69.85,BuildingA_Floor1,TypeA
1065,2025-04-13 05:13:54,24.33,72.68,BuildingB_Floor1,TypeC
1030,2025-04-10 04:15:03,20.19,65.36,BuildingB_Floor2,TypeA
1015,2025-04-10 18:55:46,23.82,76.94,BuildingA_Floor1,TypeB
1072,2025-04-13 19:02:31,21.49,71.48,BuildingA_Floor1,TypeC
1067,2025-04-09 09:12:30,32.63,67.74,BuildingB_Floor1,TypeB
1059,2025-04-11 04:40:49,23.78,76.5,BuildingA_Floor1,TypeC
1079,2025-04-09 14:10:41,34.24,53.36,BuildingA_Floor2,TypeA
1036,2025-04-12 10:20:59,22.66,61.19,BuildingA_Floor1,TypeC
1031,2025-04-12 01:20:29,21.54,68.42,BuildingA_Floor2,TypeC
1037,2025-04-11 09:55:16,30.01,40.34,BuildingA_Floor1,TypeC
1094,2025-04-09 05:43:00,20.27,59.71,BuildingA_Floor1,TypeA
1097,2025-04-11 13:23:51,23.67,76.68,BuildingB_Floor1,TypeC
1036,2025-04-12 07:56:14,18.74,76.85,BuildingA_Floor2,TypeC
1025,2025-04-12 17:53:40,28.61,70.49,BuildingB_Floor1,TypeC
1006,2025-04-13 06:11:08,19.82,59.47,BuildingA_Floor2,TypeB
1098,2025-04-12 06:07:40,26.85,51.91,BuildingB_Floor2,TypeA
1089,2025-04-13 22:49:13,32.23,69.31,BuildingA_Floor2,TypeC
1055,2025-04-09 06:24:17,34.45,34.42,BuildingB_Floor1,TypeA
1042,2025-04-11 01:49:49,33.76,62.53,BuildingA_Floor1,TypeB
1019,2025-04-13 22:29:03,25.75,34.07,BuildingB_Floor2,TypeA
1023,2025-04-10 19:31:03,28.36,77.48,BuildingB_Floor2,TypeA
1073,2025-04-09 08:57:27,16.68,39.65,BuildingA_Floor1,TypeB
1033,2025-04-10 07:16:08,23.68,38.08,BuildingA_Floor2,TypeB
1036,2025-04-12 04:09:49,19.69,60.43,BuildingB_Floor2,TypeC
1071,2025-04-10 08:57:18,22.72,43.05,BuildingA_Floor1,TypeB
1087,2025-04-10 13:19:50,19.42,66.67,BuildingB_Floor2,TypeC
1058,2025-04-10 16:45:21,17.26,55.02,BuildingA_Floor1,TypeA
1006,2025-04-09 21:46:05,21.96,68.25,BuildingB_Floor1,TypeC
1089,2025-04-09 04:44:46,33.69,32.88,BuildingA_Floor1,TypeB
1023,2025-04-12 18:05:35,20.69,33.49,BuildingB_Floor2,TypeA
1004,2025-04-13 10:15:21,25.42,73.43,BuildingB_Floor2,TypeC
1015,2025-04-13 03:38:30,29.09,70.97,BuildingB_Floor1,TypeA
1046,2025-04-09 04:53:22,17.31,58.85,BuildingA_Floor2,TypeA
1026,2025-04-12 17:04:18,31.48,46.65,BuildingB_Floor2,TypeA
1010,2025-04-11 07:14:07,20.97,44.72,BuildingA_Floor2,TypeA
1012,2025-04-12 08:33:23,33.65,69.14,BuildingA_Floor2,TypeB
1084,2025-04-13 01:43:21,34.96,66.88,BuildingA_Floor2,TypeB
1039,2025-04-13 22:05:44,27.92,55.15,BuildingB_Floor1,TypeC
1091,2025-04-11 07:49:04,15.02,48.43,BuildingA_Floor1,TypeC
1016,2025-04-11 05:36:25,18.63,47.55,BuildingB_Floor2,TypeB
1079,2025-04-09 20:52:54,33.4,33.07,BuildingA_Floor1,TypeB
1025,2025-04-09 22:16:53,26.0,46.7,BuildingA_Floor1,TypeC
1028,2025-04-09 19:39:38,34.38,75.52,BuildingB_Floor2,TypeB
1071,2025-04-09 03:14:40,34.96,49.66,BuildingB_Floor1,TypeA
1044,2025-04-12 01:29:07,34.61,64.91,BuildingB_Floor2,TypeC
1073,2025-04-13 14:11:32,21.45,68.36,BuildingA_Floor1,TypeB
1078,2025-04-11 00:02:47,19.16,36.03,BuildingA_Floor1,TypeB
1047,2025-04-11 04:49:30,30.78,44.8,BuildingB_Floor2,TypeA
1019,2025-04-09 20:20:10,16.16,58.93,BuildingB_Floor2,TypeB
1094,2025-04-10 05:43:11,25.16,76.54,BuildingB_Floor2,TypeA
1009,2025-04-10 14:45:33,17.72,63.68,BuildingB_Floor2,TypeA
1031,2025-04-12 19:18:46,17.26,30.02,BuildingA_Floor1,TypeB
1011,2025-04-09 19:10:35,32.9,55.97,BuildingB_Floor2,TypeA
1013,2025-04-10 06:07:28,29.83,72.9,BuildingB_Floor2,TypeA
1077,2025-04-11 13:27:55,22.45,55.41,BuildingB_Floor1,TypeC
1073,2025-04-13 21:12:05,27.13,58.26,BuildingB_Floor2,TypeA
1077,2025-04-10 16:33:09,33.95,55.19,BuildingA_Floor1,TypeB
1021,2025-04-13 01:29:07,23.07,59.84,BuildingA_Floor1,TypeB
1078,2025-04-13 01:29:42,34.36,57.54,BuildingA_Floor2,TypeB
1054,2025-04-13 18:25:19,25.08,46.84,BuildingB_Floor1,TypeB
1033,2025-04-09 11:58:38,22.4,42.97,BuildingB_Floor1,TypeB
1091,2025-04-10 15:31:19,23.15,72.86,BuildingA_Floor1,TypeA
1036,2025-04-09 13:41:57,18.64,64.92,BuildingA_Floor1,TypeC
1010,2025-04-09 19:49:27,18.73,33.48,BuildingB_Floor2,TypeB
1016,2025-04-11 09:49:37,15.26,41.6,BuildingA_Floor1,TypeA
1056,2025-04-09 05:40:07,17.05,51.22,BuildingB_Floor1,TypeA
1050,2025-04-12 03:50:30,30.09,76.43,BuildingB_Floor1,TypeB
1046,2025-04-11 23:44:14,26.87,36.46,BuildingB_Floor1,TypeC
1051,2025-04-09 05:23:54,22.62,65.49,BuildingB_Floor2,TypeB
1096,2025-04-13 21:19:05,25.06,36.58,BuildingB_Floor1,TypeC
1055,2025-04-13 00:13:59,33.92,71.26,BuildingB_Floor2,TypeC
1035,2025-04-09 14:49:47,21.25,36.47,BuildingA_Floor2,TypeC
1089,2025-04-11 08:36:04,33.17,67.12,BuildingA_Floor1,TypeB
1054,2025-04-10 16:28:48,34.82,49.32,BuildingB_Floor1,TypeA
1056,2025-04-09 13:00:48,15.1,36.68,BuildingA_Floor2,TypeA
1028,2025-04-11 14:20:16,24.68,57.09,BuildingB_Floor1,TypeB
1084,2025-04-13 14:22:13,29.49,78.52,BuildingA_Floor1,TypeB
1096,2025-04-10 02:36:57,20.79,43.1,BuildingA_Floor1,TypeC
1021,2025-04-13 13:35:59,19.05,44.5,BuildingB_Floor1,TypeC
1098,2025-04-11 07:54:01,20.12,62.6,BuildingB_Floor1,TypeA
1032,2025-04-12 17:22:52,27.16,40.11,BuildingB_Floor2,TypeB
1005,2025-04-12 15:18:49,29.8,45.92,BuildingA_Floor2,TypeB
1036,2025-04-10 19:06:36,33.69,32.95,BuildingB_Floor2,TypeC
1017,2025-04-12 14:16:25,27.39,79.73,BuildingB_Floor2,TypeA
1029,2025-04-11 09:11:57,19.4,62.94,BuildingB_Floor2,TypeB
1014,2025-04-10 08:27:30,20.97,59.44,BuildingA_Floor2,TypeB
1015,2025-04-09 22:02:13,19.84,57.37,BuildingB_Floor1,TypeA
1003,2025-04-12 08:36:15,28.1,44.86,BuildingB_Floor1,TypeA
1080,2025-04-10 19:42:55,16.29,66.53,BuildingA_Floor1,TypeB
1046,2025-04-12 22:03:00,30.33,57.8,BuildingB_Floor1,TypeB
1014,2025-04-12 23:08:20,33.98,38.53,BuildingA_Floor1,TypeC
1072,2025-04-09 17:12:07,33.81,70.88,BuildingA_Floor2,TypeC
1087,2025-04-13 03:38:16,29.94,65.87,BuildingB_Floor1,TypeB
1033,2025-04-10 11:22:25,21.86,56.03,BuildingB_Floor1,TypeB
1062,2025-04-10 23:41:10,16.78,65.05,BuildingB_Floor2,TypeA
1064,2025-04-13 11:26:31,22.09,46.12,BuildingA_Floor1,TypeA
1005,2025-04-12 11:53:00,22.8,55.44,BuildingA_Floor1,TypeB
1090,2025-04-12 06:16:33,23.08,32.67,BuildingB_Floor2,TypeA
1030,2025-04-11 13:36:48,16.05,48.26,BuildingB_Floor1,TypeC
1009,2025-04-12 20:09:47,30.25,65.03,BuildingA_Floor1,TypeA
1039,2025-04-09 01:25:35,25.23,70.99,BuildingA_Floor1,TypeA
1028,2025-04-12 12:09:57,32.76,75.08,BuildingA_Floor1,TypeB
1099,2025-04-13 17:40:52,30.39,64.62,BuildingB_Floor1,TypeC
1054,2025-04-12 17:38:27,25.66,79.01,BuildingA_Floor2,TypeA
1078,2025-04-10 13:29:45,22.35,65.14,BuildingA_Floor1,TypeA
1041,2025-04-12 23:25:32,26.83,50.67,BuildingB_Floor1,TypeA
1096,2025-04-11 23:51:58,15.77,65.46,BuildingB_Floor2,TypeC
1027,2025-04-09 13:55:38,33.62,69.62,BuildingB_Floor2,TypeB
1087,2025-04-11 23:27:25,21.16,71.61,BuildingA_Floor2,TypeB
1041,2025-04-09 01:15:16,30.0,60.72,BuildingB_Floor2,TypeA
1024,2025-04-10 15:32:15,16.91,63.65,BuildingA_Floor1,TypeB
1085,2025-04-13 09:03:46,22.36,72.73,BuildingA_Floor2,TypeC
1089,2025-04-13 17:18:15,33.56,65.57,BuildingA_Floor2,TypeA
1052,2025-04-13 06:08:21,32.0,55.16,BuildingB_Floor1,TypeC
1089,2025-04-10 06:57:42,28.0,32.48,BuildingA_Floor2,TypeC
1094,2025-04-12 10:45:16,15.41,76.31,BuildingA_Floor2,TypeA
1056,2025-04-09 07:01:26,21.75,52.64,BuildingB_Floor2,TypeA
1058,2025-04-11 01:23:11,18.64,33.35,BuildingB_Floor1,TypeC
1092,2025-04-12 20:18:03,28.66,30.65,BuildingB_Floor2,TypeC
1020,2025-04-13 23:57:01,23.08,65.68,BuildingB_Floor1,TypeB
1041,2025-04-13 18:38:40,33.59,37.97,BuildingA_Floor2,TypeA
1070,2025-04-11 09:56:30,24.76,34.61,BuildingA_Floor1,TypeC
1023,2025-04-09 12:50:17,18.65,67.99,BuildingB_Floor2,TypeA
1037,2025-04-11 02:18:47,34.93,69.34,BuildingA_Floor2,TypeA
1037,2025-04-10 01:08:02,22.96,54.87,BuildingA_Floor2,TypeA
1082,2025-04-13 10:23:35,17.44,76.25,BuildingA_Floor2,TypeA
1052,2025-04-10 07:45:29,31.42,61.78,BuildingB_Floor2,TypeB
1078,2025-04-10 13:56:58,24.74,48.51,BuildingB_Floor2,TypeB
1012,2025-04-11 16:46:08,21.59,41.05,BuildingA_Floor1,TypeC
1060,2025-04-11 07:10:33,26.66,70.18,BuildingA_Floor2,TypeC
1063,2025-04-12 23:10:04,21.92,66.13,BuildingB_Floor2,TypeA
1094,2025-04-11 23:05:36,22.88,77.06,BuildingA_Floor1,TypeA
1073,2025-04-11 12:20:23,19.33,39.11,BuildingA_Floor1,TypeA
1038,2025-04-12 20:30:57,21.41,61.48,BuildingB_Floor1,TypeC
1071,2025-04-13 19:06:32,25.01,53.07,BuildingA_Floor2,TypeA
1094,2025-04-10 10:20:22,23.23,53.35,BuildingA_Floor1,TypeA
1048,2025-04-09 21:55:25,32.31,61.98,BuildingA_Floor1,TypeC
1084,2025-04-10 14:24:21,32.01,60.35,BuildingA_Floor2,TypeC
1098,2025-04-10 01:48:55,30.69,68.6,BuildingA_Floor2,TypeB
1093,2025-04-10 19:46:42,21.44,68.25,BuildingB_Floor1,TypeC
1046,2025-04-11 22:48:44,29.84,40.86,BuildingA_Floor1,TypeB
1047,2025-04-10 16:38:04,21.49,61.66,BuildingB_Floor1,TypeA
1061,2025-04-12 20:30:05,19.25,68.32,BuildingB_Floor2,TypeB
1070,2025-04-13 12:55:05,19.09,62.4,BuildingA_Floor2,TypeC
1051,2025-04-10 16:57:05,25.15,77.97,BuildingB_Floor1,TypeA
1076,2025-04-09 23:54:18,23.51,32.65,BuildingA_Floor2,TypeC
1005,2025-04-13 05:22:57,27.71,51.93,BuildingB_Floor2,TypeC
1016,2025-04-12 08:17:40,18.45,75.91,BuildingB_Floor2,TypeA
1009,2025-04-09 10:45:35,22.67,36.16,BuildingA_Floor2,TypeA
1032,2025-04-11 14:41:26,21.48,59.55,BuildingA_Floor2,TypeC
1027,2025-04-10 06:22:48,22.74,33.54,BuildingB_Floor2,TypeA
1067,2025-04-12 12:10:15,22.68,38.34,BuildingB_Floor2,TypeC
1020,2025-04-09 16:04:21,28.39,36.23,BuildingA_Floor2,TypeC
1066,2025-04-10 15:58:36,16.08,43.25,BuildingA_Floor1,TypeC
1025,2025-04-11 06:36:32,21.99,68.04,BuildingB_Floor2,TypeC
1058,2025-04-12 16:30:56,32.99,73.85,BuildingB_Floor2,TypeB
1031,2025-04-09 03:05:19,21.95,71.93,BuildingA_Floor1,TypeB
1073,2025-04-12 00:52:58,34.5,71.3,BuildingA_Floor1,TypeA
1053,2025-04-12 13:13:50,17.81,74.42,BuildingB_Floor2,TypeC
1001,2025-04-10 08:07:56,31.15,47.44,BuildingB_Floor1,TypeA
1008,2025-04-11 14:42:28,32.84,35.79,BuildingB_Floor1,TypeB
1015,2025-04-12 12:40:44,27.3,74.24,BuildingA_Floor1,TypeB
1045,2025-04-10 16:02:57,19.83,69.51,BuildingB_Floor2,TypeB
1053,2025-04-13 19:18:48,26.31,66.0,BuildingB_Floor2,TypeA
1045,2025-04-12 06:56:13,23.09,65.53,BuildingB_Floor1,TypeC
1038,2025-04-12 21:16:00,25.19,40.18,BuildingA_Floor2,TypeC
1019,2025-04-12 21:33:27,27.17,74.57,BuildingA_Floor1,TypeB
1069,2025-04-09 19:06:50,32.03,53.6,BuildingB_Floor2,TypeA
1100,2025-04-12 14:51:39,33.5,51.44,BuildingB_Floor2,TypeA
1005,2025-04-12 11:04:53,21.3,63.62,BuildingB_Floor1,TypeB
1014,2025-04-13 11:14:26,32.45,45.15,BuildingA_Floor2,TypeA
1089,2025-04-11 03:49:04,31.06,31.42,BuildingB_Floor1,TypeB
1022,2025-04-10 05:36:20,17.32,76.78,BuildingA_Floor2,TypeC
1073,2025-04-09 06:37:49,26.16,72.55,BuildingA_Floor2,TypeB
1047,2025-04-12 18:46:10,26.68,68.13,BuildingA_Floor2,TypeA
1032,2025-04-11 18:34:06,24.71,49.03,BuildingA_Floor2,TypeA
1017,2025-04-12 20:33:40,25.34,47.53,BuildingA_Floor1,TypeB
1081,2025-04-11 04:41:41,17.06,62.02,BuildingA_Floor1,TypeB
1038,2025-04-09 19:27:54,21.55,78.25,BuildingB_Floor1,TypeB
1021,2025-04-12 12:24:32,25.06,53.99,BuildingB_Floor2,TypeB
1049,2025-04-09 21:08:25,33.84,32.72,BuildingB_Floor1,TypeA
1090,2025-04-09 15:42:09,19.52,37.54,BuildingA_Floor2,TypeB
1073,2025-04-10 12:40:28,22.21,63.34,BuildingA_Floor1,TypeC
1094,2025-04-09 18:48:56,26.6,76.71,BuildingB_Floor1,TypeC
1057,2025-04-11 08:53:54,34.47,64.39,BuildingB_Floor1,TypeB
1041,2025-04-11 00:35:07,31.79,34.12,BuildingB_Floor1,TypeB
1038,2025-04-11 16:40:30,23.06,54.71,BuildingB_Floor2,TypeA
1091,2025-04-12 23:30:34,15.26,36.41,BuildingB_Floor2,TypeB
1092,2025-04-13 04:34:34,20.55,39.92,BuildingA_Floor1,TypeC
1016,2025-04-12 00:42:01,18.79,75.82,BuildingB_Floor2,TypeB
1074,2025-04-13 19:59:54,20.29,63.09,BuildingA_Floor1,TypeB
1098,2025-04-11 21:03:54,21.99,32.16,BuildingB_Floor2,TypeC
1047,2025-04-13 18:25:16,33.99,53.84,BuildingB_Floor2,TypeC
1029,2025-04-12 14:37:09,15.54,44.45,BuildingA_Floor2,TypeC
1022,2025-04-09 18:33:02,33.34,73.14,BuildingA_Floor2,TypeA
1094,2025-04-10 06:51:03,24.4,54.2,BuildingA_Floor2,TypeC
1036,2025-04-13 17:35:05,28.94,36.42,BuildingA_Floor1,TypeC
1092,2025-04-09 06:26:26,18.11,55.13,BuildingA_Floor2,TypeA
1087,2025-04-11 14:15:36,20.18,34.44,BuildingB_Floor1,TypeB
1017,2025-04-09 16:06:44,25.43,45.89,BuildingA_Floor1,TypeC
1026,2025-04-11 17:37:41,25.57,57.87,BuildingA_Floor2,TypeA
1046,2025-04-12 00:48:08,33.4,73.15,BuildingB_Floor2,TypeC
1079,2025-04-10 13:18:30,15.97,65.8,BuildingB_Floor1,TypeB
1089,2025-04-13 05:34:32,17.75,45.65,BuildingA_Floor1,TypeC
1000,2025-04-13 05:35:06,25.54,34.92,BuildingB_Floor2,TypeA
1021,2025-04-13 00:08:51,15.56,47.55,BuildingA_Floor1,TypeC
1020,2025-04-10 03:10:18,28.7,76.45,BuildingB_Floor2,TypeB
1063,2025-04-13 01:44:18,17.06,46.71,BuildingB_Floor2,TypeA
1035,2025-04-12 09:26:02,24.47,31.05,BuildingB_Floor2,TypeC
1055,2025-04-09 22:09:56,21.62,34.24,BuildingB_Floor1,TypeA
1081,2025-04-11 05:34:54,31.1,39.23,BuildingA_Floor2,TypeC
1039,2025-04-09 23:53:42,31.82,45.85,BuildingB_Floor2,TypeB
1062,2025-04-09 18:49:33,32.39,75.41,BuildingB_Floor1,TypeC
1000,2025-04-10 18:18:49,24.44,30.03,BuildingA_Floor1,TypeC
1025,2025-04-12 05:43:50,30.92,65.68,BuildingA_Floor2,TypeC
1000,2025-04-09 17:51:43,33.22,59.02,BuildingA_Floor1,TypeA
1041,2025-04-09 23:35:37,27.88,34.04,BuildingB_Floor1,TypeB
1019,2025-04-12 19:09:18,19.53,57.68,BuildingB_Floor1,TypeB
1022,2025-04-09 00:57:34,32.38,78.54,BuildingB_Floor2,TypeA
1019,2025-04-10 05:03:07,32.53,44.67,BuildingB_Floor2,TypeA
1001,2025-04-11 18:02:14,34.64,74.06,BuildingB_Floor2,TypeB
1021,2025-04-12 00:47:11,17.88,49.84,BuildingA_Floor1,TypeB
1018,2025-04-12 20:09:43,18.23,50.63,BuildingB_Floor2,TypeC
1009,2025-04-11 03:06:09,32.99,31.52,BuildingA_Floor2,TypeA
1095,2025-04-11 19:27:52,15.4,43.54,BuildingB_Floor1,TypeB
1072,2025-04-12 00:16:07,29.79,55.89,BuildingA_Floor1,TypeB
1019,2025-04-12 15:48:08,16.46,65.16,BuildingA_Floor1,TypeA
1034,2025-04-12 08:38:31,26.81,45.57,BuildingB_Floor2,TypeC
1080,2025-04-09 14:30:25,20.69,39.05,BuildingA_Floor2,TypeB
1008,2025-04-13 20:57:09,31.49,51.14,BuildingB_Floor2,TypeC
1000,2025-04-13 01:12:38,23.23,74.88,BuildingB_Floor1,TypeA
1017,2025-04-09 12:21:39,31.71,38.11,BuildingB_Floor2,TypeC
1098,2025-04-09 14:58:39,15.18,30.77,BuildingA_Floor2,TypeC
1059,2025-04-12 10:20:13,32.95,52.62,BuildingA_Floor1,TypeA
1046,2025-04-12 02:08:35,23.05,70.7,BuildingA_Floor2,TypeA
1099,2025-04-13 18:36:47,21.11,31.57,BuildingA_Floor2,TypeA
1063,2025-04-09 02:15:59,23.15,49.75,BuildingA_Floor2,TypeC
1061,2025-04-12 08:40:04,24.95,46.95,BuildingA_Floor2,TypeA
1062,2025-04-10 00:45:21,22.48,72.3,BuildingA_Floor2,TypeA
1050,2025-04-10 14:03:06,29.96,47.28,BuildingA_Floor2,TypeA
1021,2025-04-12 20:15:11,34.53,59.18,BuildingA_Floor1,TypeA
1058,2025-04-10 13:17:33,32.68,75.99,BuildingA_Floor2,TypeA
1029,2025-04-13 08:34:36,19.66,62.49,BuildingA_Floor2,TypeA
1011,2025-04-09 02:10:23,22.59,73.01,BuildingA_Floor1,TypeB
1003,2025-04-10 07:30:52,21.17,39.82,BuildingB_Floor1,TypeC
1055,2025-04-11 11:56:09,18.05,71.51,BuildingB_Floor2,TypeB
1093,2025-04-09 13:38:43,29.9,42.18,BuildingB_Floor1,TypeB
1058,2025-04-13 15:07:43,22.53,62.6,BuildingA_Floor2,TypeB
1021,2025-04-09 18:13:28,15.55,46.28,BuildingA_Floor1,TypeC
1071,2025-04-11 15:53:49,32.8,53.19,BuildingB_Floor1,TypeB
1039,2025-04-09 18:18:13,29.02,57.78,BuildingB_Floor1,TypeC
1009,2025-04-11 03:34:28,22.58,42.28,BuildingA_Floor2,TypeC
1025,2025-04-09 18:21:06,29.66,77.9,BuildingB_Floor2,TypeC
1027,2025-04-09 06:48:31,33.47,33.45,BuildingA_Floor2,TypeA
1089,2025-04-11 16:28:53,18.15,78.37,BuildingB_Floor2,TypeA
1064,2025-04-09 05:55:59,16.3,40.77,BuildingB_Floor1,TypeA
1070,2025-04-12 03:10:10,21.39,52.58,BuildingA_Floor2,TypeC
1087,2025-04-13 03:43:45,32.12,43.2,BuildingA_Floor1,TypeC
1063,2025-04-10 11:36:10,17.38,34.97,BuildingB_Floor2,TypeB
1030,2025-04-11 21:41:58,15.93,71.61,BuildingB_Floor1,TypeC
1062,2025-04-13 17:39:19,34.29,48.72,BuildingB_Floor1,TypeC
1074,2025-04-09 14:49:02,28.43,54.48,BuildingB_Floor1,TypeB
1044,2025-04-12 13:28:25,15.95,35.22,BuildingA_Floor2,TypeA
1021,2025-04-10 18:27:38,24.83,41.36,BuildingA_Floor2,TypeC
1061,2025-04-13 21:44:02,26.99,75.04,BuildingA_Floor2,TypeC
1054,2025-04-14 00:25:23,29.63,79.88,BuildingA_Floor2,TypeB
1027,2025-04-13 06:43:34,19.14,43.13,BuildingB_Floor2,TypeC
1023,2025-04-12 06:32:56,15.33,61.46,BuildingB_Floor1,TypeA
1020,2025-04-11 18:38:11,16.11,39.99,BuildingB_Floor2,TypeB
1010,2025-04-13 05:01:01,21.77,74.37,BuildingB_Floor1,TypeA
1086,2025-04-12 04:13:42,22.59,37.83,BuildingB_Floor2,TypeB
1096,2025-04-10 20:23:17,26.84,41.76,BuildingA_Floor2,TypeC
1001,2025-04-11 01:51:04,28.45,64.41,BuildingB_Floor2,TypeB
1042,2025-04-10 07:39:07,32.66,39.07,BuildingB_Floor2,TypeC
1018,2025-04-13 11:21:02,22.38,31.2,BuildingA_Floor1,TypeC
1023,2025-04-11 01:26:25,25.4,43.83,BuildingB_Floor2,TypeA
1025,2025-04-09 22:58:36,22.6,38.04,BuildingA_Floor2,TypeB
1087,2025-04-11 18:23:26,29.48,35.84,BuildingA_Floor1,TypeA
1065,2025-04-10 18:42:38,15.17,64.72,BuildingB_Floor2,TypeC
1036,2025-04-11 02:00:39,20.73,75.56,BuildingB_Floor1,TypeB
1092,2025-04-12 19:16:52,21.65,79.7,BuildingB_Floor2,TypeA
1005,2025-04-12 21:41:23,25.13,78.02,BuildingB_Floor2,TypeA
1053,2025-04-11 17:35:42,25.39,74.37,BuildingA_Floor2,TypeC
1006,2025-04-09 21:41:46,18.26,44.14,BuildingA_Floor2,TypeC
1056,2025-04-09 18:32:07,22.8,58.94,BuildingA_Floor2,TypeB
1079,2025-04-10 16:36:01,17.39,69.79,BuildingA_Floor1,TypeB
1038,2025-04-10 00:55:46,20.79,78.96,BuildingB_Floor1,TypeB
1033,2025-04-11 19:42:59,31.55,75.68,BuildingA_Floor1,TypeC
1099,2025-04-13 17:03:07,18.9,43.62,BuildingA_Floor2,TypeB
1059,2025-04-11 00:23:33,23.74,77.71,BuildingA_Floor1,TypeC
1057,2025-04-13 20:01:36,15.62,32.34,BuildingA_Floor1,TypeB
1059,2025-04-09 19:57:23,34.87,53.27,BuildingB_Floor2,TypeB
1080,2025-04-11 11:26:49,21.88,71.4,BuildingA_Floor1,TypeC
1027,2025-04-11 06:55:25,22.54,44.63,BuildingB_Floor2,TypeA
1097,2025-04-09 23:10:58,18.79,51.32,BuildingA_Floor1,TypeA
1059,2025-04-12 21:27:33,30.33,42.53,BuildingB_Floor1,TypeB
1022,2025-04-13 20:46:48,19.38,32.22,BuildingA_Floor2,TypeC
1052,2025-04-10 19:03:06,33.2,63.12,BuildingA_Floor2,TypeC
1081,2025-04-12 17:47:33,33.73,35.93,BuildingB_Floor1,TypeA
1026,2025-04-13 07:23:11,20.2,66.48,BuildingA_Floor1,TypeC
1094,2025-04-13 12:02:39,17.3,41.4,BuildingA_Floor1,TypeB
1096,2025-04-11 02:21:02,22.38,50.61,BuildingA_Floor2,TypeC
1017,2025-04-13 13:46:40,23.23,39.7,BuildingA_Floor2,TypeC
1038,2025-04-13 07:32:30,26.83,39.27,BuildingB_Floor1,TypeA
1035,2025-04-13 16:20:00,27.6,56.34,BuildingB_Floor2,TypeC
1064,2025-04-13 16:35:36,32.09,30.45,BuildingA_Floor1,TypeC
1053,2025-04-11 00:56:01,24.51,44.11,BuildingA_Floor2,TypeC
1020,2025-04-11 03:16:41,26.64,69.87,BuildingB_Floor2,TypeC
1014,2025-04-12 22:36:42,15.47,53.1,BuildingB_Floor2,TypeA
1075,2025-04-13 01:49:29,29.5,61.59,BuildingB_Floor1,TypeA
1081,2025-04-09 19:54:13,18.75,47.93,BuildingA_Floor2,TypeB
1013,2025-04-10 08:34:51,31.78,51.86,BuildingB_Floor1,TypeC
1086,2025-04-12 12:34:17,26.54,51.51,BuildingB_Floor1,TypeC
1036,2025-04-10 09:37:10,32.36,61.86,BuildingB_Floor1,TypeC
1053,2025-04-12 03:24:17,19.4,71.26,BuildingB_Floor1,TypeA
1015,2025-04-09 11:11:02,31.25,37.49,BuildingB_Floor1,TypeA
1072,2025-04-10 01:15:30,23.21,64.87,BuildingB_Floor1,TypeA
1086,2025-04-10 19:12:00,21.61,45.65,BuildingB_Floor1,TypeC
1071,2025-04-11 12:38:31,23.91,62.76,BuildingA_Floor2,TypeC
1046,2025-04-11 03:38:56,20.83,37.62,BuildingA_Floor2,TypeB
1075,2025-04-12 07:04:37,18.52,49.92,BuildingA_Floor1,TypeC
1059,2025-04-13 00:09:52,24.73,63.3,BuildingA_Floor1,TypeA
1051,2025-04-09 10:23:54,20.61,71.49,BuildingA_Floor2,TypeA
1066,2025-04-13 15:44:13,22.12,67.21,BuildingB_Floor2,TypeC
1070,2025-04-11 23:49:04,30.67,66.59,BuildingB_Floor1,TypeC
1074,2025-04-11 01:49:31,20.66,44.98,BuildingB_Floor1,TypeB
1026,2025-04-09 22:14:48,18.88,49.41,BuildingB_Floor1,TypeA
1031,2025-04-12 01:35:36,20.83,55.39,BuildingB_Floor2,TypeB
1094,2025-04-12 00:45:58,32.19,48.83,BuildingA_Floor2,TypeA
1021,2025-04-09 04:28:10,16.77,63.5,BuildingB_Floor2,TypeB
1057,2025-04-09 16:32:10,34.57,44.01,BuildingB_Floor2,TypeA
1056,2025-04-13 23:19:17,23.39,72.63,BuildingB_Floor1,TypeB
1000,2025-04-13 07:14:31,32.18,34.09,BuildingA_Floor1,TypeB
1011,2025-04-11 17:33:32,15.89,42.69,BuildingB_Floor1,TypeA
1042,2025-04-11 11:53:27,33.16,63.8,BuildingB_Floor2,TypeB
1096,2025-04-09 22:26:38,30.18,75.24,BuildingA_Floor2,TypeC
1066,2025-04-10 19:06:12,30.56,75.45,BuildingB_Floor2,TypeA
1045,2025-04-13 10:31:59,16.27,61.03,BuildingA_Floor1,TypeA
1005,2025-04-12 16:04:48,28.5,61.92,BuildingB_Floor2,TypeA
1004,2025-04-12 09:51:30,28.87,41.96,BuildingB_Floor1,TypeA
1092,2025-04-13 12:46:30,28.07,31.77,BuildingB_Floor2,TypeA
1096,2025-04-09 04:28:00,31.07,58.91,BuildingB_Floor2,TypeA
1040,2025-04-12 09:35:32,18.44,35.3,BuildingA_Floor2,TypeA
1039,2025-04-11 05:57:30,18.54,50.68,BuildingB_Floor2,TypeA
1025,2025-04-12 00:59:00,33.31,59.05,BuildingB_Floor2,TypeB
1047,2025-04-11 07:00:17,29.1,66.51,BuildingB_Floor1,TypeA
1030,2025-04-10 11:00:23,22.62,74.3,BuildingA_Floor2,TypeA
1004,2025-04-11 21:27:12,20.32,39.63,BuildingA_Floor2,TypeB
1088,2025-04-11 19:38:28,33.93,77.87,BuildingB_Floor2,TypeA
1025,2025-04-13 00:06:49,22.03,78.58,BuildingA_Floor2,TypeB
1015,2025-04-09 14:01:52,22.55,79.64,BuildingA_Floor1,TypeB
1035,2025-04-13 02:17:15,25.52,48.16,BuildingB_Floor2,TypeA
1080,2025-04-12 06:20:01,28.44,34.13,BuildingB_Floor1,TypeA
1063,2025-04-10 23:37:27,27.37,61.5,BuildingB_Floor2,TypeB
1064,2025-04-09 06:29:19,31.85,64.46,BuildingA_Floor1,TypeB
1002,2025-04-10 03:51:29,22.61,39.71,BuildingB_Floor1,TypeB
1049,2025-04-11 10:07:02,31.53,31.37,BuildingA_Floor2,TypeB
1086,2025-04-12 11:25:52,20.74,68.45,BuildingA_Floor1,TypeA
1035,2025-04-09 21:10:34,19.18,69.08,BuildingB_Floor1,TypeA
1009,2025-04-12 21:06:28,31.45,48.8,BuildingA_Floor2,TypeC
1079,2025-04-13 22:02:37,23.81,54.01,BuildingB_Floor2,TypeC
1025,2025-04-13 19:07:59,31.31,72.24,BuildingA_Floor1,TypeA
1019,2025-04-12 04:48:06,32.99,50.22,BuildingB_Floor1,TypeA
1096,2025-04-12 00:16:09,30.05,75.04,BuildingB_Floor2,TypeC
1094,2025-04-09 15:51:43,17.86,42.68,BuildingA_Floor2,TypeC
1040,2025-04-13 19:34:06,27.04,30.77,BuildingB_Floor1,TypeC
1020,2025-04-12 02:47:33,15.16,55.26,BuildingA_Floor2,TypeB
1032,2025-04-10 19:54:03,25.26,70.57,BuildingA_Floor2,TypeB
1037,2025-04-09 03:57:16,30.29,60.7,BuildingB_Floor1,TypeA
1090,2025-04-12 16:27:00,20.82,37.51,BuildingB_Floor1,TypeB
1009,2025-04-10 15:08:10,26.76,47.2,BuildingB_Floor2,TypeC
1080,2025-04-11 03:11:44,26.97,75.28,BuildingA_Floor1,TypeB
1078,2025-04-10 13:28:48,20.74,71.97,BuildingA_Floor2,TypeA
1021,2025-04-09 14:56:00,20.58,50.5,BuildingB_Floor2,TypeA
1095,2025-04-12 19:24:00,19.65,65.33,BuildingB_Floor1,TypeB
1045,2025-04-10 09:10:48,15.84,53.55,BuildingB_Floor2,TypeC
1036,2025-04-13 13:57:37,21.32,62.81,BuildingA_Floor2,TypeB
1067,2025-04-09 14:33:05,28.43,60.35,BuildingB_Floor1,TypeB
1075,2025-04-13 21:52:16,29.03,69.46,BuildingB_Floor2,TypeC
1052,2025-04-10 17:32:36,34.2,38.78,BuildingB_Floor2,TypeA
1022,2025-04-13 03:55:34,22.57,62.46,BuildingA_Floor2,TypeA
1015,2025-04-11 11:24:41,25.33,74.83,BuildingB_Floor1,TypeB
1032,2025-04-11 14:42:47,21.84,64.57,BuildingA_Floor1,TypeA
1090,2025-04-11 14:47:28,31.36,51.85,BuildingB_Floor2,TypeC
1099,2025-04-11 00:48:50,27.68,47.06,BuildingA_Floor1,TypeC
1069,2025-04-11 12:19:12,22.28,72.01,BuildingA_Floor2,TypeA
1049,2025-04-09 16:01:24,16.0,48.53,BuildingB_Floor1,TypeA
1061,2025-04-12 04:25:07,24.43,74.37,BuildingA_Floor1,TypeA
1096,2025-04-12 07:57:20,30.54,44.68,BuildingA_Floor1,TypeA
1041,2025-04-13 18:22:07,19.05,64.05,BuildingA_Floor1,TypeC
1006,2025-04-13 05:11:15,31.36,49.53,BuildingA_Floor1,TypeC
1036,2025-04-13 04:05:02,25.79,67.62,BuildingA_Floor1,TypeA
1068,2025-04-12 07:24:02,16.96,50.53,BuildingA_Floor2,TypeB
1060,2025-04-12 09:11:45,24.3,42.21,BuildingB_Floor2,TypeA
1052,2025-04-10 20:43:19,16.67,50.81,BuildingA_Floor2,TypeC
1018,2025-04-11 11:11:46,22.52,62.77,BuildingA_Floor2,TypeB
1017,2025-04-10 23:48:17,21.97,55.37,BuildingA_Floor1,TypeA
1087,2025-04-11 02:09:17,25.76,60.71,BuildingA_Floor1,TypeB
1033,2025-04-10 17:32:12,26.01,49.08,BuildingB_Floor1,TypeC
1040,2025-04-10 10:53:08,16.68,65.34,BuildingA_Floor2,TypeA
1095,2025-04-10 15:48:10,31.39,74.19,BuildingA_Floor2,TypeB
1015,2025-04-10 00:29:58,21.45,49.4,BuildingB_Floor2,TypeB
1061,2025-04-12 12:14:03,34.11,72.5,BuildingB_Floor2,TypeC
1048,2025-04-11 22:17:58,33.78,39.52,BuildingB_Floor1,TypeB
1093,2025-04-09 08:43:19,18.09,40.66,BuildingB_Floor1,TypeA
1099,2025-04-10 00:36:44,27.55,40.54,BuildingA_Floor1,TypeB
1011,2025-04-11 10:50:13,34.3,58.24,BuildingB_Floor1,TypeC
1035,2025-04-10 09:54:06,32.86,77.32,BuildingA_Floor2,TypeC
1099,2025-04-10 08:15:13,27.3,30.72,BuildingA_Floor1,TypeA
1054,2025-04-13 03:58:50,25.84,40.55,BuildingA_Floor1,TypeB
1012,2025-04-11 02:35:55,32.26,65.35,BuildingB_Floor1,TypeB
1019,2025-04-12 22:39:00,15.57,31.81,BuildingA_Floor1,TypeA
1063,2025-04-09 14:09:43,21.59,63.44,BuildingA_Floor1,TypeC
1011,2025-04-10 17:22:05,16.02,75.75,BuildingB_Floor2,TypeA
1024,2025-04-10 07:33:58,26.83,74.68,BuildingB_Floor1,TypeC
1043,2025-04-10 03:14:05,24.67,71.72,BuildingB_Floor2,TypeA
1031,2025-04-10 19:30:08,26.66,50.33,BuildingB_Floor2,TypeC
1080,2025-04-12 15:23:27,19.08,54.07,BuildingB_Floor2,TypeC
1019,2025-04-13 01:33:58,21.01,31.67,BuildingA_Floor2,TypeB
1031,2025-04-11 00:16:23,29.37,54.61,BuildingA_Floor2,TypeA
1013,2025-04-10 00:08:02,15.46,56.97,BuildingA_Floor1,TypeB
1007,2025-04-09 12:16:07,23.03,35.72,BuildingB_Floor1,TypeC
1077,2025-04-10 00:56:48,19.78,36.95,BuildingB_Floor1,TypeC
1031,2025-04-13 11:57:42,22.71,50.08,BuildingB_Floor1,TypeA
1086,2025-04-09 14:10:07,18.64,55.26,BuildingB_Floor1,TypeC
1032,2025-04-13 02:41:12,16.68,78.47,BuildingA_Floor2,TypeB
1044,2025-04-13 10:13:42,34.68,49.71,BuildingB_Floor2,TypeA
1038,2025-04-09 12:41:49,24.03,46.2,BuildingB_Floor2,TypeB
1024,2025-04-12 16:08:52,31.38,39.63,BuildingB_Floor1,TypeA
1051,2025-04-09 14:24:49,18.11,76.05,BuildingB_Floor1,TypeA
1045,2025-04-09 13:23:54,15.56,74.19,BuildingB_Floor1,TypeC
1081,2025-04-11 21:50:31,19.45,59.44,BuildingB_Floor2,TypeA
1033,2025-04-12 10:20:46,15.08,65.74,BuildingB_Floor1,TypeC
1087,2025-04-12 04:11:32,22.14,57.79,BuildingB_Floor2,TypeA
1080,2025-04-10 22:21:20,18.6,75.24,BuildingA_Floor2,TypeA
1056,2025-04-12 14:55:53,27.46,69.46,BuildingA_Floor2,TypeB
1022,2025-04-13 13:04:57,32.96,68.07,BuildingA_Floor1,TypeA
1064,2025-04-12 11:32:58,26.5,54.86,BuildingB_Floor2,TypeB
1001,2025-04-13 15:31:45,23.28,60.74,BuildingB_Floor1,TypeC
1089,2025-04-12 06:43:19,33.02,77.29,BuildingA_Floor2,TypeA
1069,2025-04-12 20:22:59,16.42,62.71,BuildingB_Floor1,TypeC
1076,2025-04-11 01:10:54,26.15,67.33,BuildingB_Floor2,TypeB
1019,2025-04-13 17:11:33,20.29,76.99,BuildingB_Floor1,TypeA
1034,2025-04-13 01:57:59,34.31,47.43,BuildingB_Floor1,TypeC
1055,2025-04-12 12:18:38,30.76,71.48,BuildingB_Floor2,TypeB
1089,2025-04-12 02:06:16,18.98,50.4,BuildingB_Floor2,TypeC
1026,2025-04-13 04:27:11,33.72,54.71,BuildingB_Floor1,TypeA
1030,2025-04-10 19:45:44,15.42,59.15,BuildingA_Floor1,TypeA
1057,2025-04-10 23:57:19,24.24,31.2,BuildingA_Floor2,TypeB
1086,2025-04-13 12:26:35,24.59,61.03,BuildingA_Floor2,TypeB
1086,2025-04-10 06:24:40,21.42,42.76,BuildingA_Floor1,TypeB
1038,2025-04-12 18:32:08,31.93,49.66,BuildingA_Floor1,TypeC
1032,2025-04-11 11:26:30,15.28,65.07,BuildingA_Floor2,TypeC
1068,2025-04-12 09:30:11,23.27,53.4,BuildingB_Floor2,TypeC
1031,2025-04-12 15:35:17,27.58,75.96,BuildingB_Floor2,TypeA
1097,2025-04-12 09:57:47,29.02,38.59,BuildingA_Floor1,TypeB
1078,2025-04-11 03:31:16,33.69,36.33,BuildingB_Floor1,TypeA
1023,2025-04-11 09:28:57,22.87,65.66,BuildingB_Floor2,TypeA
1096,2025-04-12 14:17:47,20.26,42.25,BuildingB_Floor1,TypeB
1068,2025-04-10 10:11:40,22.38,59.54,BuildingA_Floor2,TypeB
1038,2025-04-11 21:28:46,16.06,39.51,BuildingB_Floor1,TypeB
1061,2025-04-10 23:01:52,19.87,67.79,BuildingA_Floor1,TypeA
1018,2025-04-10 09:11:11,30.76,31.6,BuildingB_Floor1,TypeB
1051,2025-04-11 07:42:56,22.28,74.92,BuildingA_Floor2,TypeB
1028,2025-04-13 03:11:59,19.52,44.33,BuildingA_Floor2,TypeB
1018,2025-04-09 23:01:02,27.98,37.5,BuildingB_Floor2,TypeC
1091,2025-04-09 19:29:28,30.9,33.33,BuildingB_Floor1,TypeB
1072,2025-04-11 17:26:39,22.61,35.73,BuildingA_Floor2,TypeB
1059,2025-04-13 14:40:35,28.01,59.3,BuildingA_Floor1,TypeB
1078,2025-04-11 02:59:27,17.0,43.42,BuildingB_Floor1,TypeA
1096,2025-04-12 22:11:30,22.35,43.89,BuildingB_Floor1,TypeB
1036,2025-04-12 09:07:16,17.94,30.17,BuildingA_Floor1,TypeC
1093,2025-04-09 01:01:34,29.47,79.19,BuildingA_Floor1,TypeA
1019,2025-04-09 20:12:41,34.18,32.85,BuildingA_Floor2,TypeB
1033,2025-04-13 07:09:09,29.67,54.2,BuildingA_Floor1,TypeA
1081,2025-04-13 10:05:11,24.16,53.93,BuildingB_Floor1,TypeB
1076,2025-04-12 07:49:57,30.3,65.46,BuildingA_Floor1,TypeB
1012,2025-04-11 17:57:14,21.3,59.76,BuildingB_Floor2,TypeA
1065,2025-04-13 02:56:44,18.64,50.88,BuildingA_Floor2,TypeB
1055,2025-04-11 07:42:37,30.66,58.16,BuildingB_Floor1,TypeB
1010,2025-04-11 19:50:13,15.49,52.17,BuildingB_Floor1,TypeB
1009,2025-04-10 23:21:28,18.84,30.01,BuildingB_Floor1,TypeA
1053,2025-04-09 15:29:23,29.64,70.21,BuildingB_Floor2,TypeA
1023,2025-04-10 19:15:20,28.49,53.22,BuildingA_Floor1,TypeC
1004,2025-04-11 05:09:36,33.47,46.99,BuildingB_Floor2,TypeC
1012,2025-04-11 16:12:41,18.65,61.38,BuildingB_Floor1,TypeC
1097,2025-04-12 20:14:50,34.68,55.15,BuildingA_Floor1,TypeA
1026,2025-04-09 07:28:13,29.55,66.58,BuildingB_Floor2,TypeB
1074,2025-04-10 03:31:12,24.22,43.7,BuildingA_Floor2,TypeC
1096,2025-04-11 09:14:14,31.03,37.04,BuildingB_Floor1,TypeA
1076,2025-04-11 03:40:30,32.2,70.91,BuildingA_Floor1,TypeB
1069,2025-04-11 09:17:36,23.76,36.37,BuildingB_Floor1,TypeB
1054,2025-04-11 17:17:56,29.94,52.96,BuildingB_Floor2,TypeB
1038,2025-04-12 19:38:27,15.36,59.56,BuildingA_Floor1,TypeB
1013,2025-04-10 06:36:48,23.69,73.11,BuildingB_Floor1,TypeC
1045,2025-04-12 05:15:42,31.84,31.03,BuildingA_Floor1,TypeB
1009,2025-04-13 07:52:25,16.8,63.42,BuildingB_Floor2,TypeC
1093,2025-04-13 04:30:57,25.06,38.1,BuildingB_Floor1,TypeA
1024,2025-04-11 14:33:57,29.46,50.63,BuildingA_Floor1,TypeB
1065,2025-04-11 08:21:53,24.45,49.54,BuildingA_Floor1,TypeC
1008,2025-04-09 07:33:02,32.21,66.72,BuildingA_Floor1,TypeC
1024,2025-04-12 04:15:47,15.8,42.48,BuildingA_Floor2,TypeC
1032,2025-04-13 09:32:15,21.42,70.51,BuildingB_Floor2,TypeB
1016,2025-04-13 01:54:56,29.98,75.67,BuildingA_Floor2,TypeA
1039,2025-04-11 16:26:25,20.6,45.45,BuildingB_Floor1,TypeA
1090,2025-04-11 09:42:49,20.8,76.3,BuildingA_Floor2,TypeA
1020,2025-04-11 16:15:59,27.8,77.95,BuildingB_Floor2,TypeB
1076,2025-04-09 07:06:16,25.52,35.24,BuildingB_Floor1,TypeB
1008,2025-04-09 02:34:13,34.42,38.4,BuildingB_Floor2,TypeB
1082,2025-04-10 04:49:52,34.13,79.83,BuildingA_Floor1,TypeC
1077,2025-04-09 11:45:02,24.95,33.06,BuildingA_Floor1,TypeC
1015,2025-04-12 03:05:18,15.91,49.44,BuildingA_Floor2,TypeC
1024,2025-04-12 03:38:06,24.61,48.66,BuildingA_Floor2,TypeC
1067,2025-04-10 21:19:15,33.85,37.76,BuildingB_Floor1,TypeA
1090,2025-04-13 10:35:47,21.48,34.97,BuildingB_Floor1,TypeA
1023,2025-04-12 00:56:00,24.27,32.4,BuildingA_Floor2,TypeB
1029,2025-04-11 05:14:53,33.77,58.27,BuildingA_Floor1,TypeA
1067,2025-04-13 18:54:06,24.74,50.48,BuildingA_Floor2,TypeA
1100,2025-04-09 18:33:14,27.54,34.9,BuildingA_Floor1,TypeB
1050,2025-04-13 08:06:53,32.27,52.95,BuildingB_Floor1,TypeA
1019,2025-04-10 09:46:30,25.58,47.66,BuildingA_Floor1,TypeA
1040,2025-04-09 01:17:57,21.8,51.31,BuildingB_Floor2,TypeC
1083,2025-04-13 02:47:37,18.79,64.62,BuildingA_Floor2,TypeB
1094,2025-04-11 11:56:16,24.42,49.63,BuildingB_Floor2,TypeC
1019,2025-04-12 12:35:37,21.26,68.33,BuildingA_Floor1,TypeB
1083,2025-04-12 16:54:59,29.82,72.81,BuildingB_Floor2,TypeA
1083,2025-04-11 12:00:51,24.6,70.16,BuildingB_Floor2,TypeC
1056,2025-04-10 13:41:12,20.0,62.07,BuildingB_Floor2,TypeB
1092,2025-04-10 01:06:57,32.61,45.43,BuildingB_Floor1,TypeB
1043,2025-04-10 18:00:41,29.91,68.64,BuildingA_Floor1,TypeC
1004,2025-04-13 06:24:06,31.52,54.82,BuildingB_Floor1,TypeB
1028,2025-04-12 09:50:58,17.85,73.25,BuildingA_Floor2,TypeA
1022,2025-04-11 13:46:26,20.23,67.49,BuildingA_Floor1,TypeA
1100,2025-04-11 18:18:54,26.49,30.7,BuildingB_Floor1,TypeC
1070,2025-04-09 11:22:42,15.2,38.84,BuildingB_Floor2,TypeA
1098,2025-04-13 18:07:18,26.38,46.79,BuildingA_Floor2,TypeB
1100,2025-04-09 03:07:12,25.45,63.65,BuildingB_Floor2,TypeC
1072,2025-04-10 04:27:53,15.84,65.85,BuildingB_Floor1,TypeC
1094,2025-04-11 05:57:10,17.31,70.31,BuildingB_Floor1,TypeC
1061,2025-04-10 17:39:59,33.02,54.74,BuildingB_Floor2,TypeC
1013,2025-04-12 06:38:36,24.56,30.17,BuildingB_Floor1,TypeC
1059,2025-04-10 17:43:11,27.94,31.69,BuildingB_Floor1,TypeA
1051,2025-04-12 05:24:07,18.8,58.13,BuildingA_Floor1,TypeC
1012,2025-04-09 16:23:45,16.34,31.04,BuildingB_Floor1,TypeA
1023,2025-04-09 18:55:39,16.29,31.34,BuildingB_Floor1,TypeC
1081,2025-04-11 03:09:52,33.7,36.9,BuildingA_Floor1,TypeB
1034,2025-04-09 13:07:47,25.31,79.72,BuildingB_Floor1,TypeC
1093,2025-04-13 12:34:21,32.08,44.95,BuildingB_Floor2,TypeA
1040,2025-04-09 23:13:50,24.34,77.17,BuildingB_Floor2,TypeA
1065,2025-04-12 05:41:09,17.43,72.31,BuildingA_Floor1,TypeC
1074,2025-04-12 18:13:50,33.83,75.9,BuildingB_Floor1,TypeA
1023,2025-04-09 15:27:12,33.82,51.92,BuildingB_Floor1,TypeC
1018,2025-04-12 05:37:07,34.26,36.92,BuildingA_Floor2,TypeC
1019,2025-04-09 04:01:44,31.01,42.23,BuildingA_Floor1,TypeB
1098,2025-04-09 19:41:26,15.32,66.49,BuildingB_Floor2,TypeB
1071,2025-04-13 07:49:04,31.35,63.31,BuildingA_Floor1,TypeB
1018,2025-04-12 05:12:38,31.87,44.65,BuildingA_Floor1,TypeC
1087,2025-04-12 16:30:56,16.21,76.55,BuildingB_Floor2,TypeB
1000,2025-04-13 07:40:24,18.48,74.67,BuildingB_Floor2,TypeC
1001,2025-04-09 23:55:56,19.91,30.38,BuildingB_Floor1,TypeB
1009,2025-04-12 02:27:41,24.71,43.84,BuildingB_Floor2,TypeB
1013,2025-04-13 13:26:39,34.66,45.14,BuildingB_Floor2,TypeB
1040,2025-04-11 23:09:18,18.44,34.62,BuildingB_Floor2,TypeC
1078,2025-04-13 17:29:35,29.11,62.97,BuildingB_Floor2,TypeA
1061,2025-04-11 16:46:28,18.86,30.64,BuildingB_Floor2,TypeB
1093,2025-04-12 13:23:46,17.71,32.57,BuildingA_Floor1,TypeC
1082,2025-04-13 03:51:42,29.82,79.89,BuildingB_Floor1,TypeC
1017,2025-04-13 21:22:42,20.49,63.09,BuildingB_Floor2,TypeB
1080,2025-04-10 20:09:06,27.04,43.35,BuildingB_Floor2,TypeC
1013,2025-04-09 13:00:36,21.78,34.4,BuildingA_Floor2,TypeA
1075,2025-04-13 04:46:18,16.56,76.92,BuildingB_Floor2,TypeB
1019,2025-04-09 10:43:45,19.75,48.96,BuildingB_Floor2,TypeB
1015,2025-04-10 18:48:20,15.35,68.07,BuildingB_Floor2,TypeC
1065,2025-04-12 17:02:05,26.03,66.07,BuildingA_Floor2,TypeB
1064,2025-04-09 01:06:56,18.77,80.0,BuildingB_Floor2,TypeC
1035,2025-04-13 04:23:10,22.5,55.16,BuildingB_Floor1,TypeB
1037,2025-04-13 19:38:05,22.57,39.45,BuildingA_Floor1,TypeC
1025,2025-04-09 23:23:33,29.15,34.2,BuildingA_Floor1,TypeC
1088,2025-04-10 07:06:27,28.42,31.05,BuildingB_Floor2,TypeC
1006,2025-04-10 08:38:32,31.24,56.14,BuildingB_Floor2,TypeA
1077,2025-04-09 16:54:34,31.53,68.59,BuildingA_Floor2,TypeA
1026,2025-04-11 14:33:05,32.18,76.74,BuildingB_Floor2,TypeA
1094,2025-04-09 22:20:51,31.66,65.62,BuildingB_Floor1,TypeB
1049,2025-04-10 08:01:33,22.86,32.0,BuildingB_Floor2,TypeC
1063,2025-04-11 01:13:18,30.19,50.03,BuildingB_Floor1,TypeC
1082,2025-04-12 10:13:58,25.17,60.92,BuildingB_Floor1,TypeA
1076,2025-04-11 23:44:02,25.3,71.24,BuildingB_Floor2,TypeA
1096,2025-04-10 05:13:12,19.81,36.83,BuildingA_Floor2,TypeB
1091,2025-04-10 16:03:14,20.51,64.24,BuildingB_Floor2,TypeC
1032,2025-04-12 06:56:48,31.77,46.21,BuildingA_Floor2,TypeC
1000,2025-04-13 22:43:19,18.23,74.55,BuildingB_Floor2,TypeA
1017,2025-04-09 02:51:26,25.26,49.56,BuildingA_Floor1,TypeC
1058,2025-04-10 12:46:57,25.37,65.56,BuildingB_Floor1,TypeA
1058,2025-04-12 06:21:50,23.16,48.34,BuildingA_Floor2,TypeB
1041,2025-04-12 15:06:13,17.81,77.36,BuildingA_Floor1,TypeC
1088,2025-04-12 09:06:43,15.88,67.18,BuildingB_Floor2,TypeA
1088,2025-04-09 02:44:34,30.76,52.75,BuildingB_Floor1,TypeA
1001,2025-04-11 11:43:02,22.53,35.05,BuildingA_Floor1,TypeC
1011,2025-04-09 07:51:14,32.88,42.66,BuildingB_Floor2,TypeC
1095,2025-04-12 02:27:23,28.95,35.54,BuildingB_Floor2,TypeA
1070,2025-04-10 21:24:09,25.52,68.99,BuildingB_Floor1,TypeB
1072,2025-04-09 11:18:52,22.36,52.31,BuildingB_Floor2,TypeB
1016,2025-04-10 06:45:01,27.62,64.43,BuildingA_Floor2,TypeB
1071,2025-04-10 03:58:22,21.38,39.68,BuildingA_Floor1,TypeB
1090,2025-04-13 09:44:33,32.44,51.8,BuildingB_Floor2,TypeC
1058,2025-04-13 11:21:49,20.77,63.14,BuildingA_Floor2,TypeC
1071,2025-04-10 13:27:27,27.84,70.33,BuildingA_Floor2,TypeA
1030,2025-04-09 22:17:43,18.55,68.64,BuildingA_Floor1,TypeB
1032,2025-04-09 11:56:03,23.25,65.91,BuildingA_Floor1,TypeA
1094,2025-04-09 12:25:13,25.28,32.44,BuildingA_Floor2,TypeB
1028,2025-04-09 07:48:05,31.37,50.35,BuildingB_Floor1,TypeC
